Customerid,creditscore,gender,age,tenure,balance,numofproducts,hascrcard,isactivemember,estimatedsalary,satisfactionscore,pointearned,geography_Germany,geography_Spain,cardtype_GOLD,cardtype_PLATINUM,cardtype_SILVER,Actual Churn,Prediction,Churn Probability,Risk Score,Risk Level,Suggested Action
15604146,608,0,38,8,103653.51,2,1,1,137079.86,3,843,1,0,0,0,1,0,0,0.1671493106542771,17,Low,Routine Engagement
15775750,686,1,37,9,134560.62,1,1,0,27596.39,1,617,0,0,0,0,0,0,0,0.13675043964020792,14,Low,Routine Engagement
15800228,652,0,42,4,0.0,2,1,1,38152.01,5,230,0,1,1,0,0,0,0,0.1126173132182464,11,Low,Routine Engagement
15749328,697,0,45,1,0.0,2,1,0,46807.62,3,559,0,0,0,1,0,1,0,0.21713940141718457,22,Low,Routine Engagement
15579548,735,1,36,5,0.0,2,1,0,105152.17,3,259,0,1,0,1,0,0,0,0.055910606050215556,6,Low,Routine Engagement
15807728,530,0,45,1,0.0,1,0,1,190663.89,2,695,0,0,0,1,0,1,0,0.41435786359047705,41,Medium,Monitor
15650538,445,0,48,7,168286.58,1,1,0,16645.77,5,938,1,0,0,0,0,1,1,0.659920064917854,66,High,Personalized Offer
15758831,754,1,39,3,74896.33,1,0,0,34430.16,1,787,0,0,0,1,0,0,0,0.14338263818920768,14,Low,Routine Engagement
15768881,738,1,29,2,0.0,2,1,1,170421.13,3,252,0,0,1,0,0,0,0,0.030130161263928357,3,Low,Routine Engagement
15758039,614,1,44,6,0.0,2,0,1,104930.46,3,371,0,0,1,0,0,0,0,0.08401300517562388,8,Low,Routine Engagement
15802207,769,1,43,4,110182.54,2,1,1,87537.32,2,505,1,0,0,1,0,0,0,0.22661890608017896,23,Low,Routine Engagement
15695475,645,1,29,1,130131.08,2,0,1,196474.35,4,846,0,0,0,0,1,0,0,0.0462492630484164,5,Low,Routine Engagement
15809265,547,0,35,4,0.0,1,1,1,133287.73,1,305,0,0,1,0,0,0,0,0.15397515495864098,15,Low,Routine Engagement
15771087,757,0,71,0,88084.13,2,1,1,154337.47,4,522,0,0,0,1,0,0,0,0.17137891037015648,17,Low,Routine Engagement
15633612,696,1,28,4,172646.82,1,1,1,116471.43,4,441,0,0,0,0,0,0,0,0.07865070461444698,8,Low,Routine Engagement
15711834,650,0,30,6,0.0,1,0,0,67997.13,4,963,0,1,1,0,0,1,0,0.16032367783666582,16,Low,Routine Engagement
15777826,643,1,30,5,94443.77,1,1,1,165614.4,2,606,0,0,1,0,0,0,0,0.06532224472858991,7,Low,Routine Engagement
15762332,568,0,31,1,61592.14,2,1,1,61796.64,5,927,1,0,0,0,1,0,0,0.06409713015211226,6,Low,Routine Engagement
15661656,633,1,38,2,91902.56,2,1,1,107673.35,5,913,0,0,1,0,0,0,0,0.052134648025999465,5,Low,Routine Engagement
15662736,559,1,49,2,147069.78,1,1,0,120540.83,1,245,0,0,0,0,0,1,0,0.4921124284801035,49,Medium,Monitor
15801062,557,0,40,4,0.0,2,0,1,105433.53,2,281,0,1,0,0,1,0,0,0.08026123122620685,8,Low,Routine Engagement
15788775,473,1,40,8,152576.25,2,1,0,73073.68,4,310,1,0,0,0,0,0,0,0.15883796506642794,16,Low,Routine Engagement
15615670,762,1,36,5,119547.46,1,1,1,42693.65,5,972,0,0,1,0,0,0,0,0.0731183229472972,7,Low,Routine Engagement
15683544,626,1,62,3,0.0,1,1,1,65010.74,1,930,0,1,0,1,0,0,0,0.21226582810937827,21,Low,Routine Engagement
15722692,464,1,38,3,116439.65,1,1,0,75574.48,5,434,0,0,0,0,0,0,0,0.1516919062219001,15,Low,Routine Engagement
15808621,659,1,36,2,76190.48,2,1,1,149066.14,1,374,1,0,0,1,0,0,0,0.05381548465530107,5,Low,Routine Engagement
15707322,779,0,48,2,115290.27,1,0,0,98912.69,3,700,0,0,0,0,1,1,1,0.5416204909504507,54,Medium,Monitor
15714493,465,0,33,6,0.0,2,1,1,95500.98,4,927,0,1,0,1,0,0,0,0.04488663168989512,4,Low,Routine Engagement
15732643,386,0,53,1,131955.07,1,1,1,62514.65,5,676,0,1,1,0,0,1,0,0.39829412225515426,40,Medium,Monitor
15591169,788,0,49,4,137455.99,1,1,0,184178.29,1,423,1,0,0,0,1,1,1,0.7038839740345325,70,High,Personalized Offer
15711062,633,1,40,5,86172.81,2,1,1,117279.49,3,531,1,0,0,0,0,0,0,0.10417824118881733,10,Low,Routine Engagement
15574858,530,1,37,8,0.0,2,1,1,287.99,4,605,0,0,0,0,0,0,0,0.04521825629325098,5,Low,Routine Engagement
15732299,756,1,67,4,0.0,3,1,1,93081.87,1,593,0,0,1,0,0,0,1,0.5486316007761988,55,Medium,Monitor
15802009,770,0,33,6,0.0,2,1,1,126131.9,2,497,0,0,0,0,0,0,0,0.043042563878972866,4,Low,Routine Engagement
15575119,779,1,71,3,0.0,2,1,1,146895.36,1,858,0,0,0,1,0,1,0,0.06030395069834705,6,Low,Routine Engagement
15794413,416,1,32,0,0.0,2,0,1,878.87,5,884,0,0,1,0,0,0,0,0.10205456603712756,10,Low,Routine Engagement
15573854,727,1,62,5,0.0,2,0,1,38652.96,5,599,0,0,1,0,0,0,0,0.09755420692486849,10,Low,Routine Engagement
15811589,716,1,42,8,0.0,2,1,0,180800.42,2,427,0,1,0,0,1,0,0,0.07990917386985934,8,Low,Routine Engagement
15628558,447,0,44,5,89188.83,1,1,1,75408.24,1,909,0,0,0,1,0,0,0,0.233822010109674,23,Low,Routine Engagement
15605916,659,0,50,3,0.0,1,1,0,183399.12,5,818,0,0,0,1,0,1,1,0.6471934899075525,65,High,Personalized Offer
15623502,598,0,56,4,98365.33,1,1,1,44251.33,5,850,0,1,0,0,0,0,0,0.2725093225398315,27,Low,Routine Engagement
15776939,778,0,48,3,102290.56,2,1,0,182691.31,1,434,1,0,0,1,0,0,0,0.46520967537035446,47,Medium,Monitor
15679307,559,0,43,1,0.0,1,0,1,86634.3,5,830,0,0,0,1,0,0,0,0.2756248215144534,28,Low,Routine Engagement
15581197,762,0,51,3,99286.98,1,0,1,85578.63,5,887,0,0,0,0,1,0,0,0.3225778426994034,32,Medium,Monitor
15572174,825,1,29,3,148874.01,2,0,1,71192.82,3,346,0,0,0,0,0,0,0,0.04790355564586593,5,Low,Routine Engagement
15790750,592,1,36,10,123187.51,1,0,1,146111.35,3,416,1,0,0,1,0,0,0,0.18648136188020137,19,Low,Routine Engagement
15591552,600,0,32,7,98877.95,1,1,0,132973.21,4,668,0,0,0,0,0,0,0,0.14092421633232377,14,Low,Routine Engagement
15617705,609,0,39,8,141675.23,1,0,1,175664.25,4,440,0,0,0,0,1,0,0,0.17363021250717645,17,Low,Routine Engagement
15684951,542,0,59,2,68892.77,2,1,0,7905.06,5,442,0,0,0,0,0,1,1,0.5510135604592021,55,Medium,Monitor
15606855,730,1,26,6,0.0,2,1,1,185808.7,4,325,0,1,1,0,0,0,0,0.024660472166053497,2,Low,Routine Engagement
15734005,633,0,42,1,0.0,2,1,0,56865.62,2,930,0,0,0,0,1,0,0,0.09945938389456563,10,Low,Routine Engagement
15728006,524,1,40,2,180516.9,1,1,0,180002.42,4,626,0,0,1,0,0,0,0,0.2399728955269308,24,Low,Routine Engagement
15632263,574,1,30,5,120355.0,1,1,0,137793.35,3,420,0,1,0,0,1,0,0,0.12182364472651991,12,Low,Routine Engagement
15733361,651,0,45,6,86714.06,1,1,0,85869.89,2,773,1,0,0,1,0,1,1,0.5992991863671899,60,Medium,Personalized Offer
15734948,601,1,24,7,0.0,2,0,0,144660.42,4,295,0,1,0,0,1,0,0,0.04731850384438716,5,Low,Routine Engagement
15605791,524,1,29,9,144287.6,2,1,0,32063.3,3,311,1,0,0,1,0,0,0,0.12700756400711985,13,Low,Routine Engagement
15791111,635,0,47,2,125724.95,2,1,0,63236.97,5,773,0,0,0,1,0,0,0,0.3946184418453725,39,Medium,Monitor
15747821,554,0,31,6,135470.9,1,1,0,107074.81,3,382,1,0,0,0,0,0,0,0.25320764722835015,25,Low,Routine Engagement
15607988,663,0,37,8,155303.71,1,1,0,118716.63,1,333,1,0,0,0,1,0,0,0.24826009007395972,25,Low,Routine Engagement
15710295,445,0,38,6,119413.62,2,1,0,175756.36,2,263,1,0,1,0,0,0,0,0.24321036321639045,24,Low,Routine Engagement
15743673,551,1,27,2,113873.22,1,1,1,85129.77,5,522,0,1,1,0,0,1,0,0.0619166710877165,6,Low,Routine Engagement
15808526,783,0,58,3,127539.3,1,1,1,96590.39,5,270,1,0,0,0,1,1,0,0.4686924071876438,47,Medium,Monitor
15722404,445,0,30,3,0.0,2,1,1,127939.19,2,842,0,0,0,1,0,0,0,0.055231003842065675,6,Low,Routine Engagement
15602979,751,1,29,1,135536.5,1,1,0,66825.33,5,275,0,0,1,0,0,0,0,0.11863127620851116,12,Low,Routine Engagement
15698462,532,1,36,4,0.0,2,1,1,132798.78,2,726,0,0,1,0,0,0,0,0.03098652633500265,3,Low,Routine Engagement
15604020,773,0,36,4,105858.71,1,0,1,4395.45,2,564,1,0,0,0,0,0,0,0.2860744171375741,29,Low,Routine Engagement
15708162,565,0,40,1,89994.71,2,0,1,121084.27,4,576,1,0,0,1,0,0,0,0.1566399552672132,16,Low,Routine Engagement
15751392,689,0,57,4,0.0,2,1,0,136649.8,2,909,0,1,1,0,0,1,0,0.4092335524462997,41,Medium,Monitor
15679075,701,1,37,8,107798.85,1,1,0,16966.73,1,228,0,0,0,0,1,0,0,0.14123107716913508,14,Low,Routine Engagement
15641490,850,0,25,8,69385.17,2,1,0,87834.24,4,722,1,0,0,0,1,0,0,0.08373398675887167,8,Low,Routine Engagement
15685357,750,0,36,8,112940.07,1,0,1,9855.81,3,447,0,1,1,0,0,0,0,0.10518812566479913,11,Low,Routine Engagement
15801699,436,1,43,5,0.0,2,1,1,35687.43,5,557,0,1,0,0,0,0,0,0.10051129176475239,10,Low,Routine Engagement
15621075,778,0,45,1,162150.42,2,1,0,174531.27,2,250,1,0,0,0,0,0,0,0.4526388649982819,45,Medium,Monitor
15677307,684,0,40,6,137326.65,1,1,0,186976.6,1,530,1,0,0,1,0,0,0,0.34406274043899143,34,Medium,Monitor
15692132,717,0,22,6,101060.25,1,0,1,84699.56,2,666,0,1,1,0,0,0,0,0.09186203816578498,9,Low,Routine Engagement
15661162,526,1,49,2,0.0,1,1,0,114539.67,2,948,0,1,0,0,0,1,1,0.5329725335872394,53,Medium,Monitor
15657779,806,1,18,3,0.0,2,1,1,86994.54,2,768,0,1,1,0,0,0,0,0.026737115420806288,3,Low,Routine Engagement
15759244,687,1,44,8,95368.14,2,1,1,1787.85,3,619,1,0,1,0,0,0,0,0.2412635761961426,24,Low,Routine Engagement
15639049,489,0,31,7,139395.08,1,0,1,6120.84,4,348,0,0,0,1,0,0,0,0.09915515515236059,10,Low,Routine Engagement
15723028,778,1,33,1,0.0,2,1,0,85439.73,2,624,0,0,0,0,0,0,0,0.03865191604382062,4,Low,Routine Engagement
15618695,571,0,22,3,108117.1,1,0,1,53328.7,2,920,0,1,0,1,0,0,0,0.08895072248612344,9,Low,Routine Engagement
15571476,635,1,38,0,103257.14,1,0,0,158344.63,2,537,0,1,0,1,0,0,0,0.1420999700452652,14,Low,Routine Engagement
15692583,678,0,32,5,0.0,2,1,0,90284.47,2,783,0,0,1,0,0,0,0,0.05796078629560061,6,Low,Routine Engagement
15726494,481,1,44,9,175303.06,1,1,0,65500.53,4,408,0,0,0,1,0,1,0,0.38378657164734903,38,Medium,Monitor
15796114,594,0,34,7,141525.55,1,0,0,9443.15,4,302,0,0,0,0,0,0,0,0.13356539893453434,13,Low,Routine Engagement
15598275,709,0,32,7,0.0,2,1,1,199418.02,5,529,0,0,1,0,0,0,0,0.05773785324241196,6,Low,Routine Engagement
15784180,564,0,36,7,206329.65,1,1,1,46632.87,2,929,0,0,0,1,0,1,0,0.20363236632860057,20,Low,Routine Engagement
15582741,693,0,35,5,124151.09,1,1,0,88705.14,5,854,0,0,0,0,0,1,0,0.1446070689389287,14,Low,Routine Engagement
15666252,706,1,42,9,0.0,2,1,1,28714.34,4,361,0,1,0,1,0,0,0,0.047058605178975366,5,Low,Routine Engagement
15667632,703,0,42,7,0.0,2,0,1,72500.68,3,449,0,0,0,0,0,0,0,0.08335951386854683,8,Low,Routine Engagement
15671514,669,0,33,8,0.0,2,0,1,128538.05,1,565,0,1,0,1,0,0,0,0.05003672165406682,5,Low,Routine Engagement
15761854,746,0,24,4,0.0,1,0,1,94105.0,5,334,0,0,0,1,0,0,0,0.12204913360859733,12,Low,Routine Engagement
15607509,539,1,38,5,0.0,2,1,0,47388.41,3,234,0,0,0,1,0,0,0,0.06876099071052069,7,Low,Routine Engagement
15628886,677,1,56,5,123959.97,1,1,1,60590.72,1,809,0,1,0,0,0,1,0,0.21207115402192298,21,Low,Routine Engagement
15753969,724,1,45,5,83888.54,1,0,1,34121.81,3,559,0,1,0,0,1,0,0,0.19521414729412018,20,Low,Routine Engagement
15669301,778,0,29,6,150358.97,1,1,0,62454.01,4,371,1,0,0,0,0,1,0,0.24603229476974484,25,Low,Routine Engagement
15681887,758,1,33,0,129142.54,2,1,1,26606.28,5,464,1,0,0,0,0,0,0,0.10597732399736975,11,Low,Routine Engagement
15596339,422,1,54,3,140014.42,1,0,1,86350.97,2,844,0,0,0,0,1,0,0,0.3308160075938624,33,Medium,Monitor
15596136,637,0,36,9,166939.88,1,1,1,72504.76,1,454,0,0,0,1,0,0,0,0.11867842653555698,12,Low,Routine Engagement
15761497,713,0,48,1,163760.82,1,0,0,157381.14,2,239,0,1,0,0,0,1,1,0.545620213709086,55,Medium,Monitor
15601263,493,0,48,7,0.0,2,1,0,48545.1,3,592,0,1,0,0,1,0,0,0.3159309340479913,32,Medium,Monitor
15623107,686,1,45,3,74274.87,3,1,0,64907.48,4,228,0,1,1,0,0,1,1,0.7303038977899896,73,High,Personalized Offer
15767894,741,0,21,9,0.0,2,0,1,139259.54,5,781,0,0,0,0,1,0,0,0.0412002748273437,4,Low,Routine Engagement
15706557,626,0,52,0,0.0,2,1,0,32159.46,3,959,0,0,0,0,1,1,0,0.4061307219265078,41,Medium,Monitor
15660263,622,1,40,4,99799.76,2,1,0,197372.13,1,457,0,0,0,0,0,0,0,0.11785582909845906,12,Low,Routine Engagement
15724691,712,1,34,1,0.0,2,1,1,195052.12,1,966,0,0,0,1,0,0,0,0.04056322160475129,4,Low,Routine Engagement
15662232,675,1,42,2,92616.64,2,1,0,8567.18,1,960,1,0,0,0,0,0,0,0.19539783714698472,20,Low,Routine Engagement
15617252,697,0,33,1,87347.7,1,1,0,172524.51,5,942,0,0,0,1,0,0,0,0.1517213808594851,15,Low,Routine Engagement
15716186,586,0,38,2,0.0,2,1,0,87168.46,2,650,0,0,0,0,1,0,0,0.07470928772080049,7,Low,Routine Engagement
15704483,724,1,40,6,0.0,2,0,0,106149.48,3,437,0,0,0,1,0,0,0,0.06420007412320071,6,Low,Routine Engagement
15694039,650,0,46,9,149003.76,2,1,0,176902.83,3,880,1,0,1,0,0,0,0,0.4143222068160889,41,Medium,Monitor
15755638,673,0,43,5,168069.73,1,1,1,146992.24,4,732,0,0,1,0,0,1,0,0.2444040196715919,24,Low,Routine Engagement
15809906,558,1,26,1,148853.29,2,1,1,24411.02,5,407,1,0,0,0,1,0,0,0.08485723389502255,8,Low,Routine Engagement
15585867,596,1,36,2,0.0,2,0,1,125557.95,4,867,0,1,0,0,1,0,0,0.03521223647814751,4,Low,Routine Engagement
15654067,584,0,29,4,0.0,2,1,0,88866.92,3,781,0,1,0,0,0,0,0,0.05583465820565902,6,Low,Routine Engagement
15723320,651,0,25,2,109175.14,2,1,0,114566.47,1,652,1,0,0,0,1,0,0,0.14768455106653386,15,Low,Routine Engagement
15621685,769,1,29,2,123757.52,2,1,0,84872.66,2,503,0,0,0,0,1,0,0,0.07300296048779532,7,Low,Routine Engagement
15590888,693,0,34,10,107556.06,2,0,0,154631.35,5,711,0,1,0,0,0,0,0,0.1133663056763093,11,Low,Routine Engagement
15801169,764,0,39,9,138341.51,1,1,0,50072.94,2,699,1,0,1,0,0,1,0,0.3366892909684856,34,Medium,Monitor
15638231,730,0,62,2,0.0,2,1,1,162889.1,3,540,0,1,1,0,0,0,0,0.1339937644085259,13,Low,Routine Engagement
15755138,850,0,32,8,0.0,2,1,1,55593.8,2,341,0,0,0,0,1,0,0,0.046239797566531245,5,Low,Routine Engagement
15717700,683,1,34,9,114609.55,2,0,1,25339.29,5,739,0,1,0,0,0,0,0,0.05948222284258458,6,Low,Routine Engagement
15738411,505,1,34,10,104498.79,1,0,1,126451.14,3,244,0,0,0,0,0,0,0,0.0902972011716682,9,Low,Routine Engagement
15772781,703,0,51,3,0.0,3,1,1,77294.56,2,924,0,0,0,0,0,1,1,0.6577640615489467,66,High,Personalized Offer
15779207,500,1,30,2,125495.64,2,1,1,68807.47,3,276,1,0,0,0,1,0,0,0.08842064091138352,9,Low,Routine Engagement
15765173,350,0,60,3,0.0,1,0,0,113796.15,1,958,0,0,0,0,1,1,1,0.7486920567673594,75,High,Personalized Offer
15661330,754,1,37,6,0.0,1,1,1,116141.72,5,495,0,0,0,0,1,0,0,0.10333372084572019,10,Low,Routine Engagement
15694829,680,1,32,7,175454.0,1,0,1,77349.92,2,772,1,0,0,1,0,0,0,0.1310707286924262,13,Low,Routine Engagement
15649239,731,1,46,10,0.0,2,1,0,153015.42,2,416,0,1,1,0,0,0,0,0.17650336762475974,18,Low,Routine Engagement
15685245,608,0,56,5,0.0,2,0,1,153810.41,1,921,0,1,0,0,0,0,0,0.20507656032629584,21,Low,Routine Engagement
15740237,671,1,36,2,116695.27,1,0,0,193201.86,3,895,1,0,1,0,0,0,0,0.2714908989605122,27,Low,Routine Engagement
15668472,705,0,24,5,177799.83,2,0,0,79886.06,2,443,0,1,1,0,0,0,0,0.20049929001744218,20,Low,Routine Engagement
15658956,505,1,40,6,47869.69,2,1,1,155061.97,1,910,1,0,0,0,0,0,0,0.10221669417617746,10,Low,Routine Engagement
15684211,704,0,44,9,153656.85,1,1,0,158742.81,5,890,0,1,0,1,0,0,0,0.3542248740113375,35,Medium,Monitor
15644882,616,0,36,10,78249.53,1,1,0,136934.91,4,789,1,0,0,0,1,0,0,0.212475446074461,21,Low,Routine Engagement
15756804,636,0,48,1,170833.46,1,1,0,110510.28,1,654,0,0,0,1,0,1,1,0.5363087030575487,54,Medium,Monitor
15794297,776,1,36,1,0.0,2,1,0,53477.76,3,329,0,0,0,0,0,0,0,0.049106850681460895,5,Low,Routine Engagement
15699797,737,1,30,8,174356.13,1,0,0,31928.5,5,403,0,0,0,1,0,0,0,0.15188046690144244,15,Low,Routine Engagement
15700325,644,0,24,8,92760.55,1,1,0,35896.75,5,238,0,0,1,0,0,0,0,0.12603144590993481,13,Low,Routine Engagement
15774250,532,1,42,1,159024.71,1,1,0,100982.93,5,564,0,0,1,0,0,1,0,0.21835219676562534,22,Low,Routine Engagement
15575676,638,1,24,1,0.0,2,0,1,162597.15,1,567,0,0,1,0,0,0,0,0.025838550183528722,3,Low,Routine Engagement
15592222,505,1,49,7,80001.23,1,0,0,135180.11,5,726,0,0,1,0,0,0,0,0.49117703422045556,49,Medium,Monitor
15779059,670,0,38,4,119624.54,2,1,1,110472.12,4,732,0,0,0,1,0,0,0,0.08793787172721362,9,Low,Routine Engagement
15786078,850,0,28,9,0.0,2,1,0,185821.41,3,437,0,0,0,0,1,0,0,0.06688472516926951,7,Low,Routine Engagement
15809178,569,0,42,9,146100.75,1,1,0,32574.01,2,812,1,0,0,1,0,1,0,0.35230008513957267,35,Medium,Monitor
15684171,660,0,61,5,155931.11,1,1,1,158338.39,1,884,0,1,0,1,0,0,0,0.2557334342186411,26,Low,Routine Engagement
15566211,616,0,41,1,103560.57,1,1,0,236.45,3,289,1,0,0,1,0,1,0,0.3774536497741087,38,Medium,Monitor
15684995,690,1,49,8,116622.73,1,0,1,51011.29,3,789,0,1,0,0,0,0,0,0.21169040882957899,21,Low,Routine Engagement
15677377,543,1,37,3,0.0,2,1,1,78915.68,2,701,0,1,0,1,0,0,0,0.029694799290091924,3,Low,Routine Engagement
15754267,697,1,31,3,108805.42,2,0,1,123825.83,1,342,1,0,0,0,0,0,0,0.0870509896757993,9,Low,Routine Engagement
15698184,484,0,50,2,90408.16,2,0,0,48170.57,5,959,0,0,1,0,0,0,0,0.46311128063836804,46,Medium,Monitor
15595592,708,0,59,2,0.0,1,1,0,179673.11,4,421,0,0,0,0,1,1,1,0.7247009437665006,72,High,Personalized Offer
15723400,663,1,28,4,0.0,2,1,1,123969.64,2,540,0,0,0,1,0,0,0,0.026472521880478724,3,Low,Routine Engagement
15778157,598,1,27,8,90721.52,2,1,0,109296.18,1,698,0,1,1,0,0,0,0,0.06468708484674225,6,Low,Routine Engagement
15637829,691,0,34,7,0.0,2,0,1,161559.12,5,591,0,0,0,1,0,0,0,0.05078981162594499,5,Low,Routine Engagement
15602812,684,0,44,2,133776.86,2,0,1,49865.04,5,387,1,0,0,0,1,0,0,0.3023774899679539,30,Medium,Monitor
15815070,566,0,44,5,141428.99,2,0,0,68408.74,4,459,1,0,0,0,1,0,0,0.35412365241870697,35,Medium,Monitor
15696733,724,1,29,4,0.0,1,1,0,8982.75,5,881,0,0,1,0,0,0,0,0.13338165349075687,13,Low,Routine Engagement
15607874,687,1,38,0,144450.58,1,0,1,137276.83,3,385,0,0,0,0,1,0,0,0.09782780951428778,10,Low,Routine Engagement
15664227,506,1,28,8,53053.76,1,0,1,24577.34,3,340,1,0,1,0,0,0,0,0.11556993283182919,12,Low,Routine Engagement
15815552,670,0,42,6,112333.63,1,1,1,65706.86,4,569,0,0,0,1,0,0,0,0.17767512082872675,18,Low,Routine Engagement
15720071,535,0,49,3,0.0,1,0,0,61820.41,1,269,0,0,1,0,0,1,1,0.6093528539948863,61,High,Personalized Offer
15813917,653,1,31,9,143321.97,1,1,0,83679.46,3,495,1,0,0,0,0,0,0,0.2369362307751127,24,Low,Routine Engagement
15685805,673,0,35,6,0.0,2,1,0,98618.79,5,222,0,1,0,0,1,0,0,0.097677687101618,10,Low,Routine Engagement
15741728,591,1,36,7,135216.8,1,1,1,122022.89,1,710,0,1,1,0,0,0,0,0.07401645208498812,7,Low,Routine Engagement
15686913,757,1,38,0,0.0,1,1,0,83263.06,1,537,0,0,0,1,0,0,0,0.16030390706456032,16,Low,Routine Engagement
15761477,501,1,24,4,130806.42,2,1,0,80241.14,1,796,1,0,1,0,0,0,0,0.11759421745855697,12,Low,Routine Engagement
15569572,778,1,42,6,0.0,2,1,1,106197.44,5,499,0,0,0,1,0,0,0,0.04619674666854521,5,Low,Routine Engagement
15646936,631,0,32,2,146810.99,2,1,1,180990.29,1,378,1,0,1,0,0,0,0,0.0978664282006575,10,Low,Routine Engagement
15616152,754,0,47,1,185513.67,1,1,0,27438.83,4,472,0,0,0,0,0,0,1,0.5719094577491232,57,Medium,Monitor
15646374,766,0,28,3,62717.84,2,1,1,13182.43,1,808,1,0,1,0,0,0,0,0.09137433095033004,9,Low,Routine Engagement
15781272,669,1,50,4,149713.61,3,1,1,124872.42,4,329,0,0,0,1,0,1,1,0.7654488536369871,77,High,Personalized Offer
15710257,625,0,39,3,130786.92,1,0,1,121316.07,2,650,0,0,0,0,0,0,0,0.15153953197533931,15,Low,Routine Engagement
15621815,803,0,40,6,165526.71,1,1,0,12328.08,3,880,0,0,0,0,1,0,0,0.22636882351615406,23,Low,Routine Engagement
15797751,466,0,47,5,102085.72,1,1,1,183536.24,2,692,1,0,1,0,0,1,1,0.5581364181133925,56,Medium,Monitor
15712483,608,0,28,4,0.0,2,1,0,10899.63,5,391,0,1,0,1,0,1,0,0.06178109805484811,6,Low,Routine Engagement
15658240,554,0,44,9,135814.7,2,0,0,115091.38,4,494,0,0,0,0,1,0,0,0.25351508366719533,25,Low,Routine Engagement
15722322,655,0,78,2,0.0,2,0,1,188435.38,5,975,0,1,0,0,1,0,0,0.12748198446919465,13,Low,Routine Engagement
15614103,850,1,42,8,119839.69,1,0,1,51016.02,2,303,1,0,1,0,0,1,0,0.2506774688224889,25,Low,Routine Engagement
15767231,757,1,36,7,144852.06,1,0,0,130861.95,2,575,0,0,0,0,1,0,0,0.12780031855680715,13,Low,Routine Engagement
15757931,804,1,24,3,0.0,2,1,0,173195.33,4,335,0,0,0,0,1,0,0,0.04557125150889271,5,Low,Routine Engagement
15583049,643,0,34,7,160426.07,1,0,1,188533.11,3,806,1,0,1,0,0,0,0,0.20830922020406636,21,Low,Routine Engagement
15781307,779,1,37,7,120092.52,2,1,0,135925.72,1,466,1,0,1,0,0,0,0,0.16997508973439637,17,Low,Routine Engagement
15792722,611,0,43,8,64897.75,1,1,0,114996.33,4,692,0,0,0,0,1,0,0,0.3424711019000358,34,Medium,Monitor
15598892,828,1,30,4,73070.18,2,0,0,161671.15,4,534,0,0,0,0,1,0,0,0.06955462540023273,7,Low,Routine Engagement
15787151,638,0,34,7,0.0,2,1,1,198969.78,4,577,0,0,0,0,1,0,0,0.05661689730052506,6,Low,Routine Engagement
15718673,839,0,33,10,75592.43,1,1,0,62674.42,3,497,0,1,0,1,0,0,0,0.15814420020275546,16,Low,Routine Engagement
15808760,603,0,42,6,0.0,1,1,1,90437.87,4,842,0,1,0,0,0,0,0,0.2050913583677511,21,Low,Routine Engagement
15660535,680,0,47,5,0.0,2,1,1,179843.33,1,735,0,0,0,0,0,0,0,0.13490384748346337,13,Low,Routine Engagement
15749103,604,0,47,4,118907.6,1,0,1,47777.15,3,808,1,0,0,1,0,1,1,0.585171009315345,59,Medium,Monitor
15585855,679,1,40,1,0.0,1,1,1,16897.19,5,713,0,0,0,1,0,0,0,0.1257599353882636,13,Low,Routine Engagement
15713094,651,0,25,8,0.0,2,1,1,126761.2,2,886,0,0,0,1,0,0,0,0.0394120874850201,4,Low,Routine Engagement
15697183,685,1,43,9,0.0,2,1,0,107811.28,4,808,0,1,0,0,1,0,0,0.10271428355137684,10,Low,Routine Engagement
15710366,569,0,42,1,0.0,1,1,1,83629.6,2,748,0,1,0,1,0,1,0,0.22172828418643153,22,Low,Routine Engagement
15752953,634,1,45,9,0.0,2,0,0,17622.82,3,300,0,0,1,0,0,0,0,0.19119367229555184,19,Low,Routine Engagement
15654531,477,1,22,5,82559.42,2,0,0,163112.9,3,661,0,0,0,0,0,1,0,0.08029448063954199,8,Low,Routine Engagement
15569247,727,0,57,1,109679.72,1,0,1,753.37,5,841,0,1,0,0,1,0,0,0.3098435234583195,31,Medium,Monitor
15578297,737,0,43,1,125537.38,1,1,0,138510.01,2,316,1,0,1,0,0,1,1,0.5263176182596179,53,Medium,Monitor
15766683,549,1,36,6,139422.37,1,0,0,83983.39,1,720,1,0,1,0,0,1,0,0.25427032506101005,25,Low,Routine Engagement
15650098,630,0,40,7,0.0,2,1,1,34453.17,4,777,0,0,1,0,0,0,0,0.0731011004899658,7,Low,Routine Engagement
15656829,577,0,33,6,0.0,2,1,0,57975.8,2,893,0,1,0,1,0,0,0,0.055126663312754266,6,Low,Routine Engagement
15751912,567,1,36,7,0.0,2,0,1,3896.08,5,914,0,0,1,0,0,0,0,0.03956222288927785,4,Low,Routine Engagement
15664849,573,1,46,3,65269.23,1,0,1,189988.65,4,521,0,1,1,0,0,1,0,0.3097886566422293,31,Medium,Monitor
15738166,596,0,39,10,86546.29,1,0,1,131768.98,3,890,0,0,0,0,0,0,0,0.1772610179717274,18,Low,Routine Engagement
15719508,575,1,49,7,121205.15,4,1,1,168080.53,2,227,1,0,0,0,0,1,1,0.8425782667087561,84,High,Immediate Retention Call
15771270,635,0,27,8,127471.56,1,1,1,152916.05,5,476,0,0,0,0,0,1,0,0.10935590151317508,11,Low,Routine Engagement
15681075,682,0,58,1,0.0,1,1,1,706.5,4,709,0,0,0,1,0,0,0,0.37257457012159373,37,Medium,Monitor
15726358,681,1,34,7,0.0,2,0,0,130686.59,4,742,0,0,0,0,0,0,0,0.037326057249302165,4,Low,Routine Engagement
15759284,750,0,37,6,0.0,1,1,1,117948.0,2,298,0,0,1,0,0,1,0,0.14340272519781502,14,Low,Routine Engagement
15806546,517,1,46,4,0.0,1,1,0,22372.78,1,465,0,1,0,1,0,0,0,0.48115775686079537,48,Medium,Monitor
15768104,788,1,37,8,141541.25,1,0,0,66013.27,4,582,0,1,0,0,0,0,0,0.12987188699562302,13,Low,Routine Engagement
15580249,502,1,45,0,0.0,1,0,0,84663.21,5,553,0,0,0,0,1,0,0,0.465586413267239,47,Medium,Monitor
15701164,506,0,34,4,90307.62,1,1,1,159235.29,4,511,0,0,0,0,1,0,0,0.10459343251586448,10,Low,Routine Engagement
15566111,596,1,39,9,0.0,1,1,0,48963.59,3,390,0,0,0,1,0,0,0,0.18115975134700565,18,Low,Routine Engagement
15637891,613,0,43,4,140681.68,1,0,1,20134.07,3,290,1,0,0,1,0,0,0,0.4412391142398622,44,Medium,Monitor
15742442,705,0,46,5,89364.91,1,0,1,139162.15,4,336,0,1,1,0,0,0,0,0.2970396089126391,30,Low,Monitor
15778604,571,0,47,7,0.0,2,0,0,112366.98,5,489,0,0,0,0,1,0,0,0.2731893133485264,27,Low,Routine Engagement
15762543,711,0,32,1,0.0,2,1,0,126188.42,4,296,0,0,0,0,1,0,0,0.0734160119861995,7,Low,Routine Engagement
15750049,621,1,40,10,163823.37,1,0,0,89519.47,3,264,0,0,0,0,0,0,0,0.19169615852170582,19,Low,Routine Engagement
15657637,696,0,36,3,0.0,3,1,0,65039.9,1,349,0,1,0,1,0,0,1,0.5176569527739233,52,Medium,Monitor
15705620,730,1,34,5,122453.37,2,1,0,138882.98,4,822,0,0,0,0,0,0,0,0.07172310342204029,7,Low,Routine Engagement
15615004,730,0,37,1,0.0,2,1,1,124364.63,2,427,0,0,0,0,1,0,0,0.051731754985271945,5,Low,Routine Engagement
15697567,752,1,33,4,0.0,2,1,1,39570.78,2,409,0,0,0,0,1,0,0,0.025180002305511442,3,Low,Routine Engagement
15806837,669,1,37,4,0.0,1,1,0,132540.33,5,968,0,0,0,1,0,0,0,0.1552964594326573,16,Low,Routine Engagement
15765902,706,1,38,5,163034.82,2,1,1,135662.17,3,826,1,0,0,0,0,0,0,0.06647826534873037,7,Low,Routine Engagement
15791452,675,1,39,1,0.0,2,1,0,153129.22,1,791,0,0,0,0,0,0,0,0.04867132448212226,5,Low,Routine Engagement
15741417,624,0,35,7,119656.45,2,1,1,4595.05,1,839,0,1,0,0,0,0,0,0.08860486327407135,9,Low,Routine Engagement
15726354,688,0,32,6,123157.95,1,1,0,172531.23,3,499,0,0,1,0,0,0,0,0.1463230707826979,15,Low,Routine Engagement
15714380,827,1,38,5,0.0,2,0,0,103305.01,2,785,0,0,0,0,1,0,0,0.05031030116392178,5,Low,Routine Engagement
15609545,548,1,29,5,83442.98,1,0,1,177017.39,3,967,0,0,1,0,0,0,0,0.08073424032966933,8,Low,Routine Engagement
15572022,605,0,36,6,0.0,1,0,1,690.84,4,373,0,0,0,0,0,0,0,0.1519289265019016,15,Low,Routine Engagement
15585388,660,1,31,9,125189.75,2,1,1,139874.43,5,612,1,0,1,0,0,0,0,0.0693268884352437,7,Low,Routine Engagement
15790717,695,1,35,7,0.0,2,1,0,160387.98,5,950,0,1,0,1,0,0,0,0.040022416478860935,4,Low,Routine Engagement
15756333,642,0,55,7,0.0,2,1,1,101515.76,1,918,0,0,0,1,0,0,0,0.14237571293459014,14,Low,Routine Engagement
15748882,714,1,29,9,0.0,2,1,0,129192.55,3,323,0,1,0,0,0,0,0,0.04366386346705104,4,Low,Routine Engagement
15589019,633,0,33,4,92855.02,1,1,1,159813.18,3,804,0,1,0,0,1,0,0,0.11219534712572682,11,Low,Routine Engagement
15682528,572,1,33,5,0.0,1,0,1,41139.05,4,404,0,0,0,0,1,0,0,0.110022173573867,11,Low,Routine Engagement
15731026,683,0,39,2,100062.16,2,1,0,109201.43,3,829,1,0,0,0,1,0,0,0.2005646575169455,20,Low,Routine Engagement
15644400,709,1,44,9,128601.98,1,1,0,117031.2,4,223,0,0,1,0,0,0,0,0.2937335237236546,29,Low,Routine Engagement
15763065,700,0,40,2,0.0,2,1,0,199753.97,5,654,0,1,0,0,1,0,0,0.09944079031251882,10,Low,Routine Engagement
15672912,737,0,39,7,130051.66,2,0,0,55356.39,2,722,0,1,0,0,1,1,0,0.12253799040092352,12,Low,Routine Engagement
15796351,603,1,35,1,105346.03,2,1,1,130379.5,5,701,1,0,0,0,1,0,0,0.08114988948628545,8,Low,Routine Engagement
15650924,761,0,32,4,103515.39,2,1,1,177622.38,2,311,0,1,0,0,1,0,0,0.07272188093710867,7,Low,Routine Engagement
15792328,475,1,39,6,0.0,1,1,1,56999.9,1,388,0,0,1,0,0,1,0,0.14703982367178853,15,Low,Routine Engagement
15637947,668,1,32,1,134446.04,1,0,1,111241.37,4,503,0,1,0,1,0,0,0,0.06669480768496702,7,Low,Routine Engagement
15591986,621,1,46,6,141078.37,1,0,0,34580.8,2,956,1,0,0,0,1,1,1,0.6780744021572315,68,High,Personalized Offer
15613787,505,1,35,8,116932.59,1,1,0,91092.84,4,671,0,1,0,1,0,0,0,0.11566492036388004,12,Low,Routine Engagement
15621818,747,1,29,7,117726.33,1,1,1,175398.34,5,942,1,0,1,0,0,0,0,0.14288728458484168,14,Low,Routine Engagement
15694805,664,1,35,1,115024.5,1,0,1,169665.79,2,678,0,1,0,0,0,0,0,0.06690566993500355,7,Low,Routine Engagement
15802625,733,1,48,7,85915.52,1,1,1,23860.5,2,857,1,0,1,0,0,0,0,0.4182954794547796,42,Medium,Monitor
15575619,656,0,32,1,104254.27,1,1,1,17034.37,3,715,0,1,0,1,0,0,0,0.09435868063570138,9,Low,Routine Engagement
15640268,652,1,71,4,0.0,1,1,1,120107.1,3,305,0,1,0,0,0,0,0,0.19132633075157746,19,Low,Routine Engagement
15592389,684,1,27,2,134603.88,1,1,1,71725.73,3,342,0,0,1,0,0,0,0,0.06780827426281327,7,Low,Routine Engagement
15625881,634,1,37,3,111432.77,2,1,1,167032.49,4,558,1,0,1,0,0,0,0,0.1024265613071911,10,Low,Routine Engagement
15629551,615,0,44,9,126104.98,2,0,1,110718.02,3,684,1,0,0,0,1,0,0,0.305030520822747,31,Medium,Monitor
15804610,601,0,41,1,0.0,2,0,1,160607.06,4,856,0,0,0,0,1,0,0,0.09652036874621622,10,Low,Routine Engagement
15567893,556,1,33,3,124213.36,2,1,0,62627.55,2,537,1,0,1,0,0,0,0,0.11978098333867031,12,Low,Routine Engagement
15679991,524,0,28,7,0.0,2,0,1,147100.72,1,983,0,0,0,1,0,0,0,0.05231984974695819,5,Low,Routine Engagement
15677184,767,0,35,6,115576.44,1,0,1,27922.45,3,633,0,0,0,1,0,0,0,0.10198959866551832,10,Low,Routine Engagement
15750335,850,1,43,0,108508.82,3,1,0,184044.8,5,721,1,0,0,1,0,1,1,0.7956309619612916,80,High,Immediate Retention Call
15581332,655,0,30,1,83173.98,2,1,1,184259.6,5,338,1,0,0,0,0,0,0,0.07228487949368546,7,Low,Routine Engagement
15682757,734,1,30,3,0.0,2,1,0,107640.25,4,245,0,0,0,0,0,0,0,0.04363350657316858,4,Low,Routine Engagement
15691483,549,0,25,5,0.0,2,0,0,190857.79,3,549,0,0,0,1,0,0,0,0.07396639828919026,7,Low,Routine Engagement
15735549,810,1,35,3,96814.46,2,1,1,120511.03,1,275,1,0,1,0,0,0,0,0.09144218028025577,9,Low,Routine Engagement
15738605,634,0,46,5,123642.36,1,1,1,49725.16,1,751,1,0,0,1,0,1,1,0.5584108783800853,56,Medium,Monitor
15727915,507,1,36,4,83543.37,1,0,0,140134.43,1,691,0,0,0,0,0,0,0,0.1318305199316395,13,Low,Routine Engagement
15645517,850,1,22,2,0.0,2,1,1,9684.52,1,793,0,1,1,0,0,0,0,0.038043780189372337,4,Low,Routine Engagement
15652981,600,1,30,2,119755.0,1,1,1,21852.91,1,910,1,0,0,0,0,0,0,0.18223799183893327,18,Low,Routine Engagement
15638751,838,0,41,5,0.0,2,1,0,81313.51,1,867,0,1,0,0,1,0,0,0.10136617359538459,10,Low,Routine Engagement
15633108,646,1,26,4,139848.17,1,1,0,164696.27,2,915,0,0,0,0,0,0,0,0.11508900340960974,12,Low,Routine Engagement
15690231,612,0,62,0,167026.61,2,1,1,192892.05,1,739,0,1,0,1,0,0,0,0.2654651703044085,27,Low,Routine Engagement
15653521,850,0,40,7,104449.8,1,1,1,747.88,4,931,1,0,0,1,0,0,0,0.3115316304733648,31,Medium,Monitor
15664214,670,1,33,2,141204.65,2,1,0,76257.46,5,814,0,0,1,0,0,0,0,0.0637053751779542,6,Low,Routine Engagement
15706899,559,1,34,4,0.0,2,1,1,66721.98,2,784,0,0,1,0,0,0,0,0.027532376727167778,3,Low,Routine Engagement
15680001,602,1,38,7,111835.94,2,1,0,124389.61,3,855,0,0,0,0,1,0,0,0.09634372531346148,10,Low,Routine Engagement
15616525,720,1,31,4,141356.47,1,0,0,137985.69,2,637,0,1,0,0,1,0,0,0.1238933829654752,12,Low,Routine Engagement
15815040,552,0,42,8,103362.14,1,0,1,186869.58,2,492,1,0,0,0,0,1,0,0.3641142321410248,36,Medium,Monitor
15764409,613,1,37,9,108286.5,1,1,1,114153.44,5,656,0,0,1,0,0,0,0,0.07878414371606218,8,Low,Routine Engagement
15695225,834,1,38,8,0.0,2,1,1,66485.26,3,539,0,1,1,0,0,0,0,0.03612214940265486,4,Low,Routine Engagement
15649430,723,1,28,4,0.0,2,1,1,123885.88,5,467,0,0,0,0,1,0,0,0.026885723973396523,3,Low,Routine Engagement
15769246,813,1,59,2,135078.41,1,1,0,187636.06,1,709,1,0,1,0,0,1,1,0.7402986454319135,74,High,Personalized Offer
15809736,664,1,46,2,0.0,1,1,1,177423.02,5,816,0,0,0,1,0,1,0,0.3022334146170721,30,Medium,Monitor
15766649,670,1,38,10,89416.99,1,0,0,144275.39,3,757,0,0,0,0,1,0,0,0.16204699213618232,16,Low,Routine Engagement
15673223,626,1,44,10,0.0,2,0,0,164287.86,4,627,0,0,1,0,0,0,0,0.13299596192113758,13,Low,Routine Engagement
15815490,670,1,40,2,164948.98,3,0,0,177028.0,3,955,1,0,0,0,1,1,1,0.7587949225242886,76,High,Personalized Offer
15633546,652,0,33,3,124832.51,1,1,0,195877.06,4,407,0,1,1,0,0,0,0,0.14693017120385035,15,Low,Routine Engagement
15665327,706,1,18,2,176139.5,2,1,0,129654.22,3,405,0,0,0,1,0,0,0,0.127414968059387,13,Low,Routine Engagement
15662403,622,0,32,6,169089.38,2,1,0,101057.95,5,238,0,0,0,0,1,0,0,0.12528363691250904,13,Low,Routine Engagement
15762198,812,1,34,5,103818.43,1,1,1,166038.27,4,230,0,0,1,0,0,0,0,0.08502779028381782,9,Low,Routine Engagement
15769216,601,0,43,2,0.0,1,1,0,49713.87,3,732,0,0,0,1,0,1,0,0.34128940445506695,34,Medium,Monitor
15796834,652,1,35,7,104015.54,2,1,1,55207.88,1,926,1,0,0,1,0,0,0,0.09725176694885761,10,Low,Routine Engagement
15600688,600,0,39,5,0.0,2,0,0,118272.07,4,225,0,0,1,0,0,0,0,0.11937586783555373,12,Low,Routine Engagement
15586880,594,1,41,2,122545.65,2,1,1,42050.24,2,866,1,0,0,0,0,0,0,0.1282142753139283,13,Low,Routine Engagement
15699415,618,0,46,6,150213.71,1,1,0,120668.46,2,955,0,0,0,1,0,1,0,0.44374593668700724,44,Medium,Monitor
15762855,622,0,23,8,0.0,2,1,1,131389.39,3,390,0,1,0,0,1,0,0,0.03963429409384757,4,Low,Routine Engagement
15810454,709,1,32,4,147307.91,1,0,1,40861.55,4,556,0,0,0,1,0,0,0,0.06657788900126295,7,Low,Routine Engagement
15589805,563,0,34,6,139810.34,1,1,1,152417.79,5,254,0,0,0,0,0,0,0,0.10765805298799784,11,Low,Routine Engagement
15794792,612,0,31,8,117989.76,1,1,1,54129.86,4,409,0,0,0,0,1,0,0,0.09555973788641707,10,Low,Routine Engagement
15706534,581,0,47,1,122949.14,1,0,0,180251.68,2,983,0,0,0,0,0,1,1,0.5420898267709578,54,Medium,Monitor
15622182,628,0,28,3,153538.13,2,1,0,110776.01,4,579,1,0,1,0,0,0,0,0.08624039707761645,9,Low,Routine Engagement
15592531,822,1,50,7,0.0,2,1,1,10062.8,2,206,0,0,0,0,1,0,0,0.1442571299171584,14,Low,Routine Engagement
15699309,510,0,38,4,0.0,1,1,0,118913.53,2,887,0,1,0,0,0,1,0,0.20676618206904926,21,Low,Routine Engagement
15765461,632,1,47,3,0.0,2,1,0,178822.32,3,980,0,1,0,0,0,0,0,0.18833537761251296,19,Low,Routine Engagement
15713596,428,0,62,1,107735.93,1,0,1,58381.77,4,398,0,0,0,0,0,0,0,0.33178419112090396,33,Medium,Monitor
15778959,606,0,36,10,0.0,2,0,1,155641.46,2,813,0,0,0,0,1,0,0,0.06583635947168961,7,Low,Routine Engagement
15609928,850,1,43,5,129305.09,2,0,1,19244.58,4,615,1,0,0,1,0,0,0,0.23058312782709744,23,Low,Routine Engagement
15806332,484,0,39,5,0.0,2,1,1,175224.12,2,740,0,1,0,0,1,0,0,0.07790123892815184,8,Low,Routine Engagement
15689661,663,1,22,6,0.0,2,0,1,131827.15,4,476,0,0,0,1,0,0,0,0.027098760811570578,3,Low,Routine Engagement
15718057,760,0,51,2,100946.71,1,0,0,179614.8,4,550,0,0,0,0,0,1,1,0.622619028566972,62,High,Personalized Offer
15798885,585,1,56,4,138227.19,2,1,1,55287.84,4,708,0,0,1,0,0,0,0,0.196347814701789,20,Low,Routine Engagement
15748597,844,1,56,5,99529.7,1,0,1,157230.06,1,293,0,1,0,1,0,1,0,0.23765566870497107,24,Low,Routine Engagement
15813422,781,1,35,4,80790.74,1,1,0,116429.51,2,456,0,1,0,0,1,0,0,0.14543594066458915,15,Low,Routine Engagement
15682533,850,0,39,7,79259.99,1,0,1,186910.74,1,976,0,0,0,0,0,0,0,0.14441642042827807,14,Low,Routine Engagement
15650322,701,0,34,3,105588.66,1,0,1,74694.41,4,316,0,0,0,0,1,0,0,0.09813820795647253,10,Low,Routine Engagement
15801256,746,1,49,7,0.0,2,0,1,10096.25,3,479,0,1,0,0,0,0,0,0.12784981441151477,13,Low,Routine Engagement
15649423,580,0,35,8,0.0,2,0,1,10357.03,3,717,0,0,1,0,0,0,0,0.054936887285947034,5,Low,Routine Engagement
15697310,559,0,28,3,152264.81,1,0,0,64242.31,1,908,1,0,0,0,0,0,0,0.2639305482558632,26,Low,Routine Engagement
15606472,585,0,38,5,0.0,1,1,1,87363.56,1,822,0,0,1,0,0,0,0,0.14902486002445256,15,Low,Routine Engagement
15731890,601,1,41,1,123971.16,1,0,1,172814.99,3,543,0,0,1,0,0,0,0,0.12732206399515897,13,Low,Routine Engagement
15737169,642,1,26,8,144238.7,1,1,1,184399.76,3,649,0,1,0,1,0,0,0,0.07570985949534864,8,Low,Routine Engagement
15723894,625,1,45,7,137555.44,1,0,0,124607.7,3,622,0,0,0,0,1,0,0,0.38238800223063374,38,Medium,Monitor
15684440,548,1,32,2,98986.28,1,1,1,55867.38,4,315,1,0,0,0,0,0,0,0.12765598133305775,13,Low,Routine Engagement
15707132,465,1,33,5,0.0,2,0,1,78698.09,5,1000,0,0,1,0,0,0,0,0.041338050430810104,4,Low,Routine Engagement
15729412,682,1,38,4,107192.38,1,1,1,15669.17,3,459,0,0,0,1,0,0,0,0.09737067390505859,10,Low,Routine Engagement
15629078,850,0,45,5,127258.79,1,1,1,192744.23,3,380,1,0,0,0,1,1,1,0.5262538829858406,53,Medium,Monitor
15724444,567,0,38,1,125877.65,2,1,1,107841.77,5,511,0,0,0,0,0,0,0,0.09264716037664499,9,Low,Routine Engagement
15569452,652,0,58,3,116353.2,2,0,1,193502.9,4,949,1,0,0,1,0,0,0,0.4064343165619891,41,Medium,Monitor
15776494,754,1,61,5,146622.35,1,1,1,41815.22,4,687,0,0,0,0,0,1,0,0.18791830566462397,19,Low,Routine Engagement
15750803,693,0,30,6,127992.25,1,1,1,50457.2,1,483,0,0,0,0,1,0,0,0.1064818507950781,11,Low,Routine Engagement
15724663,654,0,36,5,0.0,2,0,0,157238.05,2,596,0,1,0,0,1,0,0,0.07289448951658108,7,Low,Routine Engagement
15771977,730,0,39,1,99010.67,1,1,0,194945.8,5,260,0,0,1,0,0,0,0,0.17855348171151636,18,Low,Routine Engagement
15724336,513,0,49,5,171601.27,1,1,0,126223.84,3,844,1,0,0,1,0,0,1,0.6961768500372323,70,High,Personalized Offer
15611371,736,1,43,4,176134.54,1,1,1,52856.88,2,266,0,0,1,0,0,0,0,0.20917809425180456,21,Low,Routine Engagement
15665088,531,0,42,2,0.0,2,0,1,90537.47,2,556,0,0,1,0,0,0,0,0.09730139444271238,10,Low,Routine Engagement
15600357,495,0,40,1,140197.71,2,1,0,150720.39,4,970,0,0,0,1,0,0,0,0.1815466959156508,18,Low,Routine Engagement
15681327,682,1,30,9,0.0,2,1,1,2053.42,5,456,0,0,0,0,1,0,0,0.035108799629101496,4,Low,Routine Engagement
15589475,591,0,39,3,0.0,3,1,0,140469.38,3,298,0,1,0,0,0,1,1,0.6229252885029217,62,High,Personalized Offer
15720284,607,0,37,4,135927.06,1,0,0,180890.4,1,476,1,0,0,1,0,0,0,0.3230110683234201,32,Medium,Monitor
15803479,708,0,67,1,0.0,2,0,1,3837.08,1,652,0,0,0,0,0,0,0,0.08748154476004391,9,Low,Routine Engagement
15632118,698,1,45,5,164450.94,1,1,0,141970.02,3,347,0,1,0,0,1,1,0,0.40727040595897707,41,Medium,Monitor
15797822,678,1,28,2,109137.12,1,1,1,58814.41,2,433,0,0,1,0,0,0,0,0.06945544197280343,7,Low,Routine Engagement
15782550,490,0,41,0,139659.04,1,1,1,176254.12,5,312,1,0,0,0,1,0,0,0.30861196233740457,31,Medium,Monitor
15684318,582,0,50,6,96486.57,2,1,1,20344.02,3,355,1,0,0,1,0,0,0,0.406033930098189,41,Medium,Monitor
15653715,602,0,63,7,0.0,2,1,1,56323.21,4,649,0,0,0,1,0,0,0,0.0980451192439526,10,Low,Routine Engagement
15782364,521,0,39,3,146408.68,1,0,0,72993.67,3,818,0,1,0,0,0,0,0,0.19383804926903353,19,Low,Routine Engagement
15776454,603,0,48,5,0.0,1,1,0,100478.6,2,709,0,0,0,1,0,1,1,0.5794977461991999,58,Medium,Monitor
15749807,516,0,31,3,0.0,2,1,0,124202.26,1,413,0,1,0,0,1,0,0,0.06279033106806547,6,Low,Routine Engagement
15635893,693,0,28,8,0.0,2,1,1,158545.25,1,846,0,0,0,1,0,0,0,0.05030377621412744,5,Low,Routine Engagement
15810660,774,1,34,4,120875.23,2,0,1,113407.26,5,948,1,0,0,0,1,0,0,0.10070850220740211,10,Low,Routine Engagement
15774328,606,1,40,1,144757.97,2,1,1,166656.18,3,743,1,0,0,0,1,0,0,0.13411675805466694,13,Low,Routine Engagement
15749472,775,1,45,8,0.0,1,1,0,130376.68,4,805,0,0,0,0,0,0,0,0.4391935308851583,44,Medium,Monitor
15628308,850,0,24,6,0.0,2,1,1,13159.9,3,899,0,0,0,0,0,0,0,0.04671418768665072,5,Low,Routine Engagement
15607178,850,1,38,3,54901.01,1,1,1,140075.55,2,926,1,0,1,0,0,0,0,0.12865224733980143,13,Low,Routine Engagement
15635752,685,1,38,4,111798.06,2,1,1,102184.66,2,416,1,0,0,0,1,0,0,0.1129728215962263,11,Low,Routine Engagement
15772009,664,0,41,5,0.0,1,1,1,152054.33,5,550,0,0,0,1,0,0,0,0.22042949580476276,22,Low,Routine Engagement
15707011,495,1,47,10,137682.68,1,1,0,71071.47,5,908,0,0,0,0,1,0,0,0.4649764645750917,46,Medium,Monitor
15815530,612,0,42,10,75497.51,1,0,0,149682.78,2,240,0,0,0,0,0,0,0,0.2945759769732,29,Low,Routine Engagement
15621116,648,1,33,5,138664.24,1,1,0,29076.27,1,403,1,0,0,1,0,0,0,0.26442461860276617,26,Low,Routine Engagement
15643378,744,1,42,1,112419.92,1,1,1,83022.92,3,367,0,0,0,0,1,0,0,0.13296489706566736,13,Low,Routine Engagement
15623791,632,0,40,3,109740.62,1,1,0,141896.74,4,336,0,1,0,1,0,0,0,0.2221084684160397,22,Low,Routine Engagement
15632850,731,1,37,8,0.0,2,1,1,170338.35,1,856,0,0,0,0,0,0,0,0.037071644855328635,4,Low,Routine Engagement
15575935,673,1,59,0,178058.06,2,0,1,21063.71,3,328,0,0,0,0,0,1,0,0.26005303503562543,26,Low,Routine Engagement
15788535,593,1,44,5,0.0,1,1,0,128046.98,2,569,0,1,0,0,1,0,0,0.3340224784744159,33,Medium,Monitor
15595557,798,1,22,8,0.0,2,1,0,107615.43,5,280,0,0,1,0,0,0,0,0.040843437250235246,4,Low,Routine Engagement
15807340,525,1,33,4,131023.76,2,0,0,55072.93,1,253,1,0,0,0,0,0,0,0.15350507914653788,15,Low,Routine Engagement
15694209,484,0,32,3,0.0,2,1,1,139390.99,4,644,0,0,0,0,0,0,0,0.04867074216090659,5,Low,Routine Engagement
15734365,579,1,39,5,0.0,2,0,1,39891.84,2,977,0,0,1,0,0,0,0,0.04918968745220204,5,Low,Routine Engagement
15572801,639,1,34,5,139393.19,2,0,0,33950.08,2,883,0,1,0,0,0,0,0,0.07217382972509129,7,Low,Routine Engagement
15740494,633,0,33,3,0.0,2,1,0,191111.02,5,674,0,0,0,1,0,0,0,0.06659499139790978,7,Low,Routine Engagement
15700696,738,1,31,9,79019.8,1,1,1,18606.23,4,467,0,1,0,1,0,0,0,0.06419186414798045,6,Low,Routine Engagement
15591509,690,1,36,7,101583.11,2,1,0,123775.15,2,423,0,0,0,0,0,0,0,0.08731480050977272,9,Low,Routine Engagement
15792329,494,1,37,5,107106.33,2,1,0,172063.09,3,586,1,0,0,1,0,0,0,0.17226637420776558,17,Low,Routine Engagement
15610753,581,1,28,3,104367.5,1,1,1,29937.75,1,470,0,0,0,0,0,0,0,0.07153003004429195,7,Low,Routine Engagement
15635531,575,0,30,8,0.0,2,1,0,185341.63,3,597,0,1,1,0,0,0,0,0.06122685205062868,6,Low,Routine Engagement
15810563,678,0,61,8,0.0,2,1,1,159938.82,1,617,0,1,0,0,1,0,0,0.12359882254679137,12,Low,Routine Engagement
15677783,764,1,38,4,113607.47,1,1,0,91094.46,1,771,0,1,1,0,0,0,0,0.1306981663141186,13,Low,Routine Engagement
15800412,458,1,35,9,146780.52,2,1,1,3476.38,3,784,1,0,0,1,0,0,0,0.0967195709656503,10,Low,Routine Engagement
15642785,479,1,34,5,117593.48,2,0,0,113308.29,4,513,0,0,0,1,0,0,0,0.0855674575614484,9,Low,Routine Engagement
15670866,693,1,31,2,0.0,2,1,1,107759.31,1,863,0,0,0,1,0,0,0,0.02818351529654826,3,Low,Routine Engagement
15623357,692,1,24,2,120596.93,1,0,1,180490.53,5,466,1,0,0,0,0,0,0,0.15572699829110845,16,Low,Routine Engagement
15748499,550,1,33,4,118400.91,1,0,1,13999.64,3,362,1,0,0,1,0,1,0,0.19414140504790225,19,Low,Routine Engagement
15675585,416,0,25,0,97738.97,2,1,1,160523.33,1,974,1,0,0,0,0,0,0,0.13883095246707716,14,Low,Routine Engagement
15587640,718,0,43,0,93143.39,1,1,0,167554.86,3,491,0,0,0,0,0,0,0,0.323473889430619,32,Medium,Monitor
15569590,601,1,42,1,98495.72,1,1,0,40014.76,2,225,1,0,0,0,0,1,0,0.3537409662510083,35,Medium,Monitor
15725767,701,1,23,3,0.0,2,1,0,38960.59,2,253,0,0,0,1,0,0,0,0.04325822671486744,4,Low,Routine Engagement
15781987,641,1,31,9,112494.99,1,1,1,32231.6,4,565,0,0,1,0,0,0,0,0.06828237740986419,7,Low,Routine Engagement
15590476,589,1,28,7,0.0,2,1,0,151645.96,4,553,0,0,0,0,1,0,0,0.041515161482890583,4,Low,Routine Engagement
15678910,680,0,30,8,141441.75,1,1,1,16278.97,1,597,0,0,0,0,1,0,0,0.1064630298974055,11,Low,Routine Engagement
15755209,484,0,35,7,133868.21,1,1,1,27286.1,2,415,0,1,0,0,1,0,0,0.10113309253395741,10,Low,Routine Engagement
15668081,581,0,50,4,0.0,2,1,1,80701.72,3,232,0,1,1,0,0,0,0,0.196923719844667,20,Low,Routine Engagement
15753161,768,0,36,5,180169.44,2,1,0,17348.56,2,760,0,0,1,0,0,0,0,0.18589178061732117,19,Low,Routine Engagement
15694200,693,1,36,8,178111.82,1,0,0,58719.63,2,447,0,0,0,0,1,1,0,0.2116675193072999,21,Low,Routine Engagement
15809999,709,0,41,3,150300.65,2,1,0,71672.86,3,825,0,0,0,0,0,0,0,0.147312502249731,15,Low,Routine Engagement
15696514,587,0,37,6,104414.03,1,1,0,192026.02,4,749,1,0,0,0,0,0,0,0.3494661869640439,35,Medium,Monitor
15600832,508,0,43,9,0.0,1,1,0,103726.71,3,981,0,0,0,0,0,0,0,0.35958047407876625,36,Medium,Monitor
15644796,821,0,38,8,0.0,2,0,1,126241.4,2,974,0,1,0,1,0,1,0,0.058245983071998776,6,Low,Routine Engagement
15592104,655,0,41,5,0.0,1,0,0,36548.0,2,945,0,0,0,0,0,1,0,0.2613651255202665,26,Low,Routine Engagement
15651713,684,1,45,6,148071.39,1,1,0,183575.01,3,895,0,0,0,0,0,0,0,0.3898144238662214,39,Medium,Monitor
15608588,563,1,41,2,100520.92,1,1,1,19412.8,5,271,1,0,0,0,0,1,0,0.25207136395722535,25,Low,Routine Engagement
15799811,724,1,40,10,0.0,1,1,0,127847.25,5,699,0,0,1,0,0,1,0,0.21140669640404508,21,Low,Routine Engagement
15765297,766,1,41,0,0.0,2,0,1,34283.23,4,670,0,1,1,0,0,0,0,0.06634611033764722,7,Low,Routine Engagement
15771997,791,0,31,10,75499.24,1,1,0,22184.14,2,303,0,0,1,0,0,0,0,0.14688521610840788,15,Low,Routine Engagement
15581620,597,1,28,2,0.0,3,1,1,78707.97,3,793,0,0,0,0,1,0,0,0.4466290778164327,45,Medium,Monitor
15631756,482,0,35,5,147813.05,2,0,0,109029.72,2,945,0,0,0,0,1,0,0,0.12211528023245326,12,Low,Routine Engagement
15607786,709,1,26,6,156551.63,1,0,1,4410.77,1,772,0,0,0,0,0,0,0,0.07455467536806293,7,Low,Routine Engagement
15636105,758,1,61,2,0.0,2,1,1,43982.41,5,299,0,1,1,0,0,0,0,0.11271400128928671,11,Low,Routine Engagement
15696989,469,0,52,8,139493.25,3,0,0,150093.32,4,642,1,0,1,0,0,1,1,0.8917997391749874,89,High,Immediate Retention Call
15789582,587,1,55,9,0.0,1,1,0,64593.07,1,916,0,0,1,0,0,0,1,0.6020762762395131,60,High,Personalized Offer
15665110,515,0,25,7,79543.59,1,0,1,38772.82,2,509,0,0,0,0,0,0,0,0.09842701357027726,10,Low,Routine Engagement
15813590,610,1,42,6,0.0,2,1,0,158302.59,5,237,0,1,0,0,0,1,0,0.09321234163681011,9,Low,Routine Engagement
15612627,627,1,29,5,139541.58,2,1,0,80607.33,1,662,1,0,0,0,0,0,0,0.11675909676582787,12,Low,Routine Engagement
15621457,850,1,27,6,96654.72,2,0,0,152740.16,2,613,0,0,0,1,0,0,0,0.08304401165193231,8,Low,Routine Engagement
15691792,416,1,35,8,0.0,1,0,0,119712.78,2,244,0,1,0,0,0,0,0,0.26800857470923345,27,Low,Routine Engagement
15621083,698,1,57,6,136325.48,2,1,1,72549.27,2,687,0,0,0,0,0,1,0,0.17203551971038686,17,Low,Routine Engagement
15739997,716,0,23,2,94464.81,2,0,1,185900.88,5,351,0,0,0,1,0,0,0,0.06702616408836627,7,Low,Routine Engagement
15811927,733,0,38,3,157658.36,1,0,0,19658.43,2,412,0,0,0,0,0,0,0,0.1673018018067555,17,Low,Routine Engagement
15582492,535,0,29,2,112367.34,1,1,0,185630.76,2,989,0,0,0,1,0,0,0,0.14625389404570696,15,Low,Routine Engagement
15619045,776,0,43,4,0.0,2,0,1,162137.5,1,228,0,0,0,0,0,0,0,0.15636984408716764,16,Low,Routine Engagement
15734970,835,1,38,7,86824.09,1,0,0,175905.97,2,348,0,1,1,0,0,0,0,0.15713903349684324,16,Low,Routine Engagement
15804822,805,0,31,4,0.0,2,1,0,4798.12,2,863,0,0,0,1,0,0,0,0.054472109694504195,5,Low,Routine Engagement
15662488,627,0,44,5,0.0,2,1,0,82969.61,5,396,0,0,0,0,1,1,0,0.14665870060172767,15,Low,Routine Engagement
15623143,732,0,43,9,0.0,2,1,0,183147.17,4,292,0,0,1,0,0,0,0,0.16088852904022544,16,Low,Routine Engagement
15778481,817,1,59,1,118962.58,1,1,1,120819.58,3,949,0,0,1,0,0,0,0,0.22181532952396432,22,Low,Routine Engagement
15629187,535,1,38,8,85982.07,1,1,0,9238.35,3,774,0,0,0,0,0,0,0,0.14797706733769467,15,Low,Routine Engagement
15695846,684,0,34,6,0.0,2,1,1,130928.22,3,372,0,0,0,0,1,0,0,0.03823779663543167,4,Low,Routine Engagement
15589348,850,1,37,4,137204.77,1,1,1,28865.59,5,687,0,1,0,0,0,0,0,0.06882963301376221,7,Low,Routine Engagement
15578435,640,1,40,8,110340.68,1,1,1,157886.6,4,778,0,0,0,0,0,0,0,0.1198455409376145,12,Low,Routine Engagement
15640377,526,0,36,0,0.0,2,1,0,97767.63,2,606,0,0,0,1,0,0,0,0.07931396405519976,8,Low,Routine Engagement
15646372,616,0,66,1,135842.41,1,1,0,183840.51,2,302,0,0,0,0,0,1,1,0.5668613872610658,57,Medium,Monitor
15693543,708,0,33,8,0.0,2,0,1,15246.83,3,304,0,0,0,1,0,0,0,0.049706139095492714,5,Low,Routine Engagement
15723217,616,1,37,9,0.0,1,1,0,111312.96,5,239,0,0,0,1,0,0,0,0.18176409268763932,18,Low,Routine Engagement
15579994,616,1,23,8,73112.95,1,1,1,62733.05,1,606,0,0,1,0,0,0,0,0.07430625595224666,7,Low,Routine Engagement
15797329,626,1,43,4,137638.69,1,1,0,130442.08,2,560,0,0,1,0,0,1,0,0.27970454925291544,28,Low,Routine Engagement
15813067,432,0,45,3,110219.14,1,1,0,43046.7,5,946,1,0,1,0,0,1,1,0.6454993476209688,65,High,Personalized Offer
15707602,539,0,47,2,127286.04,2,1,1,166929.43,1,551,0,0,0,0,0,1,0,0.29189150032436917,29,Low,Routine Engagement
15656865,613,1,69,9,78778.49,1,0,1,8751.59,2,680,1,0,1,0,0,0,0,0.2585932691603061,26,Low,Routine Engagement
15780572,653,1,30,4,0.0,2,1,0,120736.04,5,739,0,1,0,0,0,0,0,0.037433315231624326,4,Low,Routine Engagement
15690731,645,1,40,6,131411.24,1,1,1,194656.11,4,323,0,0,0,0,1,0,0,0.13905783372480315,14,Low,Routine Engagement
15747208,608,1,50,6,0.0,1,1,0,93568.77,4,343,0,0,0,0,1,1,1,0.5645373397907069,56,Medium,Monitor
15770711,766,0,28,4,90696.78,1,0,1,21597.2,1,599,1,0,0,1,0,0,0,0.16479883380198884,16,Low,Routine Engagement
15692430,699,1,36,2,123601.56,2,1,0,103557.85,3,500,1,0,1,0,0,0,0,0.13109843755715705,13,Low,Routine Engagement
15642544,723,1,34,5,0.0,2,0,1,12092.03,4,607,0,0,0,0,0,0,0,0.03296267211054644,3,Low,Routine Engagement
15758901,713,0,47,1,0.0,1,1,0,107825.08,5,571,0,1,0,0,0,1,1,0.5847968641759784,58,Medium,Monitor
15766746,835,1,35,6,127120.07,1,1,0,28707.69,2,525,0,0,0,1,0,0,0,0.13609329820563293,14,Low,Routine Engagement
15663885,741,1,32,5,0.0,1,1,1,64839.23,3,485,0,0,0,0,1,0,0,0.09527001943299294,10,Low,Routine Engagement
15815615,681,1,36,5,141952.07,1,1,1,185144.08,5,385,0,0,0,0,1,0,0,0.08792416092528578,9,Low,Routine Engagement
15776051,551,0,45,6,0.0,2,1,1,51143.43,1,692,0,0,1,0,0,0,0,0.11653133894355143,12,Low,Routine Engagement
15665695,594,0,49,4,0.0,2,1,1,23631.55,3,801,0,0,0,1,0,0,0,0.1526248178683799,15,Low,Routine Engagement
15805260,705,0,56,2,143249.67,1,1,0,88428.41,3,613,1,0,0,1,0,1,1,0.7559891308539887,76,High,Personalized Offer
15726313,687,0,50,5,0.0,2,1,0,110230.4,1,878,0,1,0,1,0,0,0,0.30720956210021355,31,Medium,Monitor
15696812,586,1,42,6,0.0,2,1,1,123410.23,4,378,0,1,0,0,0,0,0,0.042998640882313366,4,Low,Routine Engagement
15789941,633,0,36,6,125130.28,1,0,0,125961.48,5,465,0,0,1,0,0,0,0,0.1555463439744171,16,Low,Routine Engagement
15710375,641,1,41,6,0.0,2,1,0,65396.79,5,226,0,0,0,0,1,0,0,0.0867320624413508,9,Low,Routine Engagement
15635125,566,1,63,2,120787.18,2,1,1,52198.84,4,803,0,1,0,0,1,0,0,0.1661829051618917,17,Low,Routine Engagement
15638494,625,0,39,10,129845.26,1,1,1,96444.88,5,615,1,0,1,0,0,0,0,0.2857758316559853,29,Low,Routine Engagement
15734626,652,0,36,1,0.0,2,1,1,19302.78,3,219,0,1,1,0,0,0,0,0.10761340184102322,11,Low,Routine Engagement
15663410,771,1,51,5,135506.58,3,1,1,152479.64,5,853,0,1,0,0,1,1,1,0.7461395356386105,75,High,Personalized Offer
15762238,671,0,44,0,84745.03,2,0,1,34673.98,4,863,1,0,0,0,1,0,0,0.23943015681657756,24,Low,Routine Engagement
15790678,475,0,32,8,119023.28,1,1,0,100816.29,1,278,0,0,0,1,0,0,0,0.14142503118095184,14,Low,Routine Engagement
15795936,560,1,50,3,0.0,2,1,0,84531.79,2,308,0,0,0,0,1,0,0,0.28964768674397184,29,Low,Routine Engagement
15744622,822,1,32,8,116358.0,1,1,0,108798.36,4,898,0,0,0,0,0,0,0,0.12263365243628493,12,Low,Routine Engagement
15724423,571,0,38,6,107193.82,2,0,0,38962.94,4,670,0,0,0,1,0,0,0,0.12005854363432203,12,Low,Routine Engagement
15665759,724,0,69,5,117866.92,1,1,1,62280.91,3,876,0,0,0,1,0,0,0,0.17686824668209994,18,Low,Routine Engagement
15685109,689,1,39,7,0.0,2,0,0,14917.09,2,680,0,0,0,1,0,0,0,0.050297557267524544,5,Low,Routine Engagement
15680611,663,1,67,9,0.0,3,1,1,72318.77,3,747,0,0,0,1,0,0,1,0.5415874181442475,54,Medium,Monitor
15707114,831,1,30,2,0.0,2,0,1,3430.38,1,841,0,0,0,0,0,0,0,0.03263134494830388,3,Low,Routine Engagement
15573730,586,1,42,6,126704.49,2,1,0,41682.3,4,233,1,0,1,0,0,0,0,0.2077219873147143,21,Low,Routine Engagement
15646859,621,1,47,7,107363.29,1,1,1,66799.28,5,801,1,0,0,0,0,0,0,0.4900221823100881,49,Medium,Monitor
15747960,733,1,33,3,0.0,1,1,1,7666.73,1,855,0,0,0,0,1,0,0,0.09804915464180232,10,Low,Routine Engagement
15660211,629,1,35,7,156847.29,2,1,0,31824.29,4,837,1,0,0,0,1,0,0,0.09500408451510428,10,Low,Routine Engagement
15714575,742,0,44,8,107926.02,1,0,1,17375.27,1,696,1,0,0,0,0,1,1,0.5789759675582704,58,Medium,Monitor
15615219,518,1,59,5,138772.15,1,0,1,123872.0,4,968,0,0,0,1,0,0,0,0.24594804145178234,25,Low,Routine Engagement
15708236,491,0,72,6,91285.22,1,1,1,7032.95,3,277,0,0,1,0,0,0,0,0.2178320501426039,22,Low,Routine Engagement
15566380,586,0,33,10,66948.67,2,1,1,140759.03,1,825,0,1,0,0,1,0,0,0.07995639469471201,8,Low,Routine Engagement
15568328,488,0,22,6,0.0,2,1,1,66393.89,4,826,0,0,0,0,1,0,0,0.0355963512538524,4,Low,Routine Engagement
15640686,700,1,46,5,95872.86,1,1,0,98273.01,5,509,0,0,0,0,0,1,0,0.429327815480343,43,Medium,Monitor
15690332,647,1,35,3,192407.97,1,1,1,40145.28,3,962,1,0,0,0,0,0,0,0.1470709350307128,15,Low,Routine Engagement
15703544,559,1,34,0,0.0,1,1,0,182988.94,3,472,0,1,1,0,0,0,0,0.16485654197479285,16,Low,Routine Engagement
15568963,674,1,34,2,152797.9,1,1,0,175709.4,4,385,1,0,1,0,0,1,0,0.17185587380233308,17,Low,Routine Engagement
15609637,652,1,51,7,0.0,2,0,1,43496.36,5,749,0,0,0,1,0,0,0,0.13151434850550434,13,Low,Routine Engagement
15579826,439,0,66,9,0.0,1,1,0,65535.56,1,764,0,0,0,0,1,0,1,0.6158940244144985,62,High,Personalized Offer
15740160,616,1,31,1,0.0,2,1,1,54706.75,3,852,0,0,0,0,0,0,0,0.0349563750759614,3,Low,Routine Engagement
15656717,687,0,30,6,0.0,2,0,0,179206.92,2,511,0,0,1,0,0,0,0,0.06592413239989012,7,Low,Routine Engagement
15705506,751,1,38,7,0.0,2,0,0,90839.61,3,654,0,1,0,1,0,0,0,0.04971026417673483,5,Low,Routine Engagement
15716347,663,1,37,7,143625.83,2,0,1,176487.05,3,342,1,0,0,0,1,0,0,0.10215642867222663,10,Low,Routine Engagement
15655274,548,0,29,4,0.0,2,0,1,48673.18,4,504,0,0,0,0,0,0,0,0.03978733047950939,4,Low,Routine Engagement
15798666,814,0,36,6,0.0,2,1,1,98657.01,5,780,0,0,0,0,1,0,0,0.04266960571571322,4,Low,Routine Engagement
15590349,732,0,36,9,0.0,1,0,0,3749.0,1,748,0,0,0,0,1,1,0,0.1789243700959718,18,Low,Routine Engagement
15609735,533,1,51,6,127545.56,2,0,0,79559.02,1,658,1,0,0,1,0,1,1,0.5278581542015331,53,Medium,Monitor
15632345,754,0,35,4,0.0,2,1,0,44830.71,1,992,0,0,1,0,0,0,0,0.07010721454935226,7,Low,Routine Engagement
15719779,645,1,25,1,157404.02,2,1,0,93073.04,4,855,1,0,0,0,0,0,0,0.09279701076186893,9,Low,Routine Engagement
15623695,814,0,31,4,0.0,2,1,1,142029.17,2,321,0,0,0,0,1,0,0,0.04064503187580058,4,Low,Routine Engagement
15729454,465,1,33,8,0.0,2,1,0,177668.55,4,507,0,0,0,0,0,0,0,0.07343702684929912,7,Low,Routine Engagement
15613734,640,0,33,6,84719.13,2,1,1,113048.79,3,853,0,0,0,0,1,0,0,0.059776346522908766,6,Low,Routine Engagement
15793366,781,1,35,7,92526.15,2,1,1,173837.54,5,534,1,0,0,0,1,0,0,0.06912718476098856,7,Low,Routine Engagement
15622494,718,1,27,2,0.0,2,0,0,26229.24,1,538,0,0,0,1,0,0,0,0.0375338624665733,4,Low,Routine Engagement
15598802,770,1,30,8,0.0,2,0,1,50839.85,3,597,0,1,1,0,0,0,0,0.025224539043718713,3,Low,Routine Engagement
15610147,632,1,60,2,0.0,2,0,1,2085.32,4,350,0,0,0,0,1,0,0,0.1406783041241438,14,Low,Routine Engagement
15734312,577,1,43,6,0.0,2,1,1,149457.81,3,446,0,1,0,0,0,0,0,0.06480373781565196,6,Low,Routine Engagement
15702464,549,0,34,4,0.0,2,0,0,139463.57,3,339,0,0,0,1,0,0,0,0.06790013368185713,7,Low,Routine Engagement
15576162,615,1,32,7,92199.84,1,1,1,2755.53,3,721,0,0,0,0,1,0,0,0.07232564405401762,7,Low,Routine Engagement
15714689,591,1,29,1,97541.24,1,1,1,196356.17,2,850,0,1,0,1,0,0,0,0.08151115598494639,8,Low,Routine Engagement
15730448,538,1,25,5,62482.95,1,1,1,102758.43,2,933,1,0,1,0,0,0,0,0.09190617147990916,9,Low,Routine Engagement
15716324,665,0,23,9,143672.9,1,1,1,115147.33,3,640,0,0,0,0,1,0,0,0.10245737992089123,10,Low,Routine Engagement
15631838,606,1,61,5,108166.09,2,0,1,8643.21,3,386,0,0,0,0,0,0,0,0.2072935045333933,21,Low,Routine Engagement
15638247,700,1,44,9,0.0,2,1,0,142287.65,4,533,0,1,0,0,0,0,0,0.13123867950923918,13,Low,Routine Engagement
15781665,601,0,37,5,0.0,1,0,0,20708.6,2,987,0,0,1,0,0,0,0,0.20036446095739177,20,Low,Routine Engagement
15759298,631,1,27,10,134169.62,1,1,1,176730.02,5,863,0,1,0,1,0,0,0,0.07145993349898183,7,Low,Routine Engagement
15753874,694,1,37,10,143835.47,1,0,1,33326.71,1,992,0,0,0,1,0,0,0,0.10440002470390336,10,Low,Routine Engagement
15719348,513,1,35,8,0.0,1,1,0,76640.29,4,276,0,0,1,0,0,1,0,0.18475807149523427,18,Low,Routine Engagement
15761286,696,0,66,7,119499.42,2,1,1,174027.3,3,601,1,0,0,1,0,0,0,0.3380613308942186,34,Medium,Monitor
15754605,563,0,39,5,0.0,2,1,1,17603.81,1,336,0,0,0,0,1,0,0,0.06066665355081929,6,Low,Routine Engagement
15668575,626,0,26,8,148610.41,3,0,1,104502.02,5,410,0,1,0,1,0,1,1,0.7148781254406454,71,High,Personalized Offer
15794841,739,1,19,5,89750.21,1,1,0,193008.52,3,585,0,1,0,1,0,0,0,0.14151407969560897,14,Low,Routine Engagement
15719856,646,0,45,3,47134.75,1,1,1,57236.44,3,939,0,0,0,1,0,0,0,0.2742157419459983,27,Low,Routine Engagement
15616530,638,1,36,6,188455.19,1,0,0,47031.4,2,642,0,0,0,0,0,1,0,0.2145233550615279,21,Low,Routine Engagement
15572626,620,1,44,8,0.0,2,1,1,15627.51,5,940,0,1,0,0,0,0,0,0.08270135103533466,8,Low,Routine Engagement
15680855,637,1,33,2,145731.83,1,0,1,109219.43,4,721,0,0,0,0,1,0,0,0.0725207439968591,7,Low,Routine Engagement
15771509,538,0,42,1,98548.62,2,0,1,94047.75,5,929,1,0,0,0,0,0,0,0.18747252514131182,19,Low,Routine Engagement
15725039,702,1,32,8,71667.74,1,1,1,126082.18,2,225,0,1,1,0,0,0,0,0.0958438961131826,10,Low,Routine Engagement
15720508,735,1,31,3,119558.35,1,0,0,72927.68,1,386,0,0,1,0,0,0,0,0.11064365551783722,11,Low,Routine Engagement
15653315,555,0,35,1,0.0,2,1,0,101667.0,4,417,0,1,0,0,1,0,0,0.07287268861748876,7,Low,Routine Engagement
15679622,602,1,35,8,0.0,1,1,1,22499.29,2,615,0,0,0,0,0,0,0,0.10020196382412884,10,Low,Routine Engagement
15771569,576,1,46,4,137367.94,1,1,1,33450.11,4,513,1,0,0,0,0,0,1,0.5070967501143966,51,Medium,Monitor
15665956,509,0,46,1,0.0,1,1,0,71244.59,2,264,0,0,0,0,0,1,1,0.5752428185505498,58,Medium,Monitor
15762134,506,1,59,8,119152.1,2,1,1,170679.74,2,979,1,0,0,0,1,0,0,0.31116630811934093,31,Medium,Monitor
15700223,806,1,48,4,164701.68,1,1,1,21439.49,2,851,0,0,0,1,0,0,0,0.25001891943873017,25,Low,Routine Engagement
15599660,604,1,36,6,116229.85,2,1,1,79633.38,3,684,0,0,0,1,0,0,0,0.05263502375376317,5,Low,Routine Engagement
15695383,567,1,44,9,0.0,2,1,0,87677.15,1,240,0,1,0,0,0,0,0,0.15169264842775226,15,Low,Routine Engagement
15599792,545,0,26,1,0.0,2,1,1,199638.56,5,902,0,0,0,1,0,0,0,0.0617085368495117,6,Low,Routine Engagement
15630413,608,0,41,5,0.0,2,1,1,72462.25,5,445,0,0,1,0,0,0,0,0.07560759800973474,8,Low,Routine Engagement
15735221,697,0,42,10,0.0,2,1,0,61312.15,5,867,0,0,1,0,0,0,0,0.13743101031802826,14,Low,Routine Engagement
15616709,587,0,38,0,132122.42,2,0,0,31730.32,5,916,1,0,0,0,0,0,0,0.2129865151591311,21,Low,Routine Engagement
15607040,593,0,38,4,88736.44,2,1,0,67020.03,5,910,0,1,0,1,0,0,0,0.11891380569487353,12,Low,Routine Engagement
15767598,540,1,28,8,0.0,2,0,0,197588.32,3,463,0,1,0,0,1,0,0,0.06562633390129691,7,Low,Routine Engagement
15626141,750,0,26,1,151510.17,2,1,1,19921.72,5,433,0,0,0,1,0,0,0,0.0750637932325561,8,Low,Routine Engagement
15777923,544,0,45,6,0.0,2,0,1,151401.33,2,686,0,0,0,0,0,0,0,0.18427020280242254,18,Low,Routine Engagement
15759436,758,0,50,2,95813.76,3,1,1,67944.09,2,525,0,0,0,1,0,1,1,0.799973569282237,80,High,Immediate Retention Call
15688059,807,0,42,9,105356.09,2,1,1,130489.37,5,703,1,0,0,0,1,0,0,0.20490356787216082,20,Low,Routine Engagement
15775108,571,1,34,1,99325.04,2,0,1,186052.15,3,922,0,0,0,0,0,0,0,0.047728758012294925,5,Low,Routine Engagement
15604130,622,0,47,6,142319.03,1,0,0,100183.05,4,578,0,1,0,0,0,0,0,0.4531463534184428,45,Medium,Monitor
15675854,573,1,50,0,159304.07,1,0,1,155915.24,4,466,0,1,0,0,1,1,0,0.28944271175359904,29,Low,Routine Engagement
15742834,640,1,45,1,0.0,1,1,1,10908.33,4,391,0,0,0,1,0,0,0,0.30366335853233706,30,Medium,Monitor
15774402,562,1,36,5,0.0,1,0,1,182843.24,5,615,0,1,0,0,0,0,0,0.15191514762529434,15,Low,Routine Engagement
15689322,641,1,31,3,153316.14,1,1,0,59927.99,4,667,0,1,0,0,0,0,0,0.11786267447638375,12,Low,Routine Engagement
15699047,674,0,21,9,120150.39,2,1,1,33964.03,3,515,0,0,0,0,0,0,0,0.07313602918219536,7,Low,Routine Engagement
15656484,682,1,40,4,0.0,2,1,1,140745.91,5,819,0,0,0,0,1,0,0,0.03882463461609533,4,Low,Routine Engagement
15789563,706,0,46,7,111288.18,1,1,1,149170.25,2,862,1,0,0,0,0,1,1,0.5561463560957248,56,Medium,Monitor
15598493,656,1,50,7,0.0,2,0,1,72143.44,1,829,0,0,1,0,0,0,0,0.12351812148988355,12,Low,Routine Engagement
15700476,564,1,41,9,103522.75,2,1,1,34338.21,1,599,1,0,1,0,0,0,0,0.14085236240165375,14,Low,Routine Engagement
15692002,538,1,33,6,93791.38,1,1,1,199249.29,5,718,0,0,0,1,0,0,0,0.10410180432614562,10,Low,Routine Engagement
15598086,624,0,45,3,68639.57,1,1,0,168002.31,2,553,0,0,0,0,0,1,1,0.5030434855819247,50,Medium,Monitor
15768163,655,0,46,7,137145.12,1,1,0,115146.4,4,591,1,0,1,0,0,1,1,0.6842014001707866,68,High,Personalized Offer
15690620,665,1,39,10,46323.57,1,1,0,136812.02,2,469,0,0,1,0,0,0,0,0.20363339398794733,20,Low,Routine Engagement
15778320,848,0,40,5,148495.64,1,0,0,158853.98,3,616,1,0,0,0,1,0,0,0.2728648965821326,27,Low,Routine Engagement
15578546,491,1,26,4,102251.14,1,1,1,145900.89,3,921,1,0,0,0,1,0,0,0.15507730255131041,16,Low,Routine Engagement
15674868,696,0,30,0,0.0,2,1,1,9002.8,5,447,0,1,0,0,1,0,0,0.08998432026064507,9,Low,Routine Engagement
15741180,617,1,54,6,102141.9,1,1,1,45325.26,4,746,0,0,0,1,0,0,0,0.25231307715195206,25,Low,Routine Engagement
15761340,521,1,22,5,0.0,2,1,1,99828.45,1,782,0,0,0,1,0,0,0,0.02928584969229889,3,Low,Routine Engagement
15751131,836,0,41,7,150302.84,1,1,1,156036.19,2,648,0,1,0,0,0,0,0,0.16161806156568026,16,Low,Routine Engagement
15800845,732,0,33,8,111379.55,1,1,1,45098.62,5,473,0,1,0,1,0,0,0,0.0874282309848243,9,Low,Routine Engagement
15643158,598,0,40,9,0.0,1,1,0,68462.59,3,324,0,0,0,0,0,1,0,0.27913233680068644,28,Low,Routine Engagement
15720559,487,0,61,5,110368.03,1,0,0,11384.45,2,982,1,0,0,0,0,1,1,0.8082971435285748,81,High,Immediate Retention Call
15736397,544,1,23,1,96471.2,1,1,0,35550.97,4,487,0,0,0,0,0,0,0,0.10493435896591459,10,Low,Routine Engagement
15584545,532,0,40,5,0.0,2,0,1,177099.71,4,712,0,0,0,0,0,0,0,0.0963379189677927,10,Low,Routine Engagement
15784099,726,0,38,5,126875.62,1,1,0,128052.29,2,514,0,0,0,1,0,0,0,0.16343266106911616,16,Low,Routine Engagement
15598884,650,0,23,5,0.0,1,1,1,180622.43,3,918,0,1,1,0,0,0,0,0.13197149185541185,13,Low,Routine Engagement
15566633,698,1,55,8,155059.1,2,1,1,144584.29,2,976,1,0,1,0,0,0,0,0.2490753123535347,25,Low,Routine Engagement
15802758,594,0,23,4,104753.84,2,1,0,56756.52,3,729,1,0,0,1,0,1,0,0.1286902350646443,13,Low,Routine Engagement
15699523,499,0,55,4,126817.65,2,1,0,123269.71,5,390,1,0,0,1,0,0,1,0.6112199294946586,61,High,Personalized Offer
15627412,605,1,39,3,0.0,2,1,0,199390.45,3,405,0,0,0,0,1,0,0,0.07553652680324223,8,Low,Routine Engagement
15647842,601,0,48,8,120782.7,1,1,0,63940.68,2,587,1,0,0,0,0,1,1,0.7295824956597856,73,High,Personalized Offer
15574795,495,0,38,2,63093.01,1,1,1,47089.72,3,850,0,0,0,1,0,0,0,0.1269866159621847,13,Low,Routine Engagement
15598331,764,0,40,9,100480.53,1,1,0,124095.69,3,261,0,0,0,0,1,0,0,0.2191138401783703,22,Low,Routine Engagement
15752294,582,0,38,9,135979.01,4,1,1,76582.95,2,876,0,0,0,0,1,1,1,0.7350239828452942,74,High,Personalized Offer
15672574,850,0,32,5,0.0,1,1,1,3830.59,2,979,0,1,0,0,1,0,0,0.12524483940149903,13,Low,Routine Engagement
15700854,595,1,35,8,0.0,1,1,0,100015.79,1,645,0,1,0,0,1,1,0,0.1718613357854342,17,Low,Routine Engagement
15601026,572,0,19,1,138657.08,1,1,1,16161.82,3,263,1,0,0,1,0,0,0,0.18330210860525223,18,Low,Routine Engagement
15608114,587,1,62,7,121286.27,1,0,1,6776.92,5,500,0,1,0,0,0,0,0,0.22843619340986795,23,Low,Routine Engagement
15734311,661,0,27,3,0.0,2,1,1,76889.79,2,969,0,0,0,0,1,0,0,0.041257573649504165,4,Low,Routine Engagement
15719649,553,1,38,3,99844.68,1,0,0,187915.7,1,869,0,0,0,0,0,0,0,0.14013897537137304,14,Low,Routine Engagement
15674433,636,0,28,2,115265.14,1,0,0,191627.85,1,404,1,0,0,0,0,0,0,0.31227444839061574,31,Medium,Monitor
15652615,742,1,39,8,140004.96,1,1,1,92985.78,3,436,0,0,0,0,1,0,0,0.10020164899645653,10,Low,Routine Engagement
15625713,679,0,39,7,91187.9,1,0,1,6075.36,4,631,0,1,0,1,0,0,0,0.14136600462623738,14,Low,Routine Engagement
15765487,753,0,38,9,151766.71,1,1,1,180829.99,1,873,1,0,1,0,0,0,0,0.26181160651733776,26,Low,Routine Engagement
15648702,775,1,70,6,119684.88,2,1,1,74532.02,1,237,1,0,1,0,0,0,0,0.24048483418800504,24,Low,Routine Engagement
15690153,639,0,37,4,116121.84,2,0,1,181850.74,1,503,0,0,0,1,0,0,0,0.0916762887752359,9,Low,Routine Engagement
15699963,571,1,38,1,121405.04,1,1,1,154844.22,4,585,0,0,1,0,0,0,0,0.0844074272102576,8,Low,Routine Engagement
15647800,850,0,34,6,101266.51,1,1,0,33501.98,1,901,0,0,0,0,0,0,0,0.14316516629652334,14,Low,Routine Engagement
15693926,670,1,37,0,178742.71,1,1,1,194493.57,3,345,0,1,0,0,0,0,0,0.1328795459549062,13,Low,Routine Engagement
15773447,526,1,30,8,0.0,1,1,0,36251.0,3,268,0,1,0,0,0,0,0,0.1914766128168271,19,Low,Routine Engagement
15659501,753,0,38,6,142263.45,1,0,1,33730.43,4,351,0,0,0,0,0,0,0,0.1272788585410003,13,Low,Routine Engagement
15814553,559,0,34,5,68999.66,2,1,1,66879.27,2,840,0,0,0,1,0,0,0,0.06541590636327886,7,Low,Routine Engagement
15712319,714,1,45,8,150900.29,2,0,1,139889.15,5,734,0,1,0,0,0,0,0,0.18271184524314663,18,Low,Routine Engagement
15645593,599,0,41,2,91328.71,1,1,0,115724.78,1,381,0,0,1,0,0,0,0,0.23602751810188496,24,Low,Routine Engagement
15753955,639,1,34,7,149940.04,2,0,0,156648.81,2,938,0,1,1,0,0,0,0,0.07903204119590869,8,Low,Routine Engagement
15792107,719,0,35,8,0.0,1,1,1,165162.4,5,569,0,1,0,0,0,0,0,0.12887771710987214,13,Low,Routine Engagement
15566467,683,0,32,0,138171.1,2,1,1,188203.58,1,433,1,0,0,0,0,0,0,0.12251911786233118,12,Low,Routine Engagement
15803804,717,0,35,5,103214.71,1,1,0,172172.7,4,880,1,0,1,0,0,0,0,0.3001796841412837,30,Medium,Monitor
15757865,642,1,62,7,0.0,2,1,1,61120.75,3,729,0,0,0,0,1,0,0,0.07653831025550961,8,Low,Routine Engagement
15771054,469,1,35,5,0.0,2,1,0,186490.37,4,698,0,1,0,0,1,0,0,0.07277342006118297,7,Low,Routine Engagement
15769703,550,0,45,8,111257.59,1,0,0,97623.42,1,448,1,0,0,0,1,1,1,0.6618319625150199,66,High,Personalized Offer
15653222,526,0,32,6,131938.92,2,1,1,1795.93,4,414,1,0,0,0,1,0,0,0.13416884601302592,13,Low,Routine Engagement
15578761,459,0,42,6,129634.25,2,1,1,177683.02,3,326,0,1,0,1,0,1,0,0.16864662729951532,17,Low,Routine Engagement
15635502,443,1,44,2,0.0,1,1,0,159165.7,3,351,0,0,0,1,0,0,0,0.41427577685453065,41,Medium,Monitor
15618255,642,0,56,6,103244.86,2,1,0,143049.72,4,918,1,0,0,1,0,1,1,0.5874135114981535,59,Medium,Monitor
15763093,540,0,35,7,128369.75,2,1,0,198256.15,2,653,1,0,0,1,0,0,0,0.17055491213942098,17,Low,Routine Engagement
15619529,531,1,27,8,132576.25,1,0,0,7222.92,5,835,0,1,0,0,1,0,0,0.11567853298822031,12,Low,Routine Engagement
15808971,693,0,57,9,0.0,2,1,1,135502.77,4,401,0,1,0,0,1,0,0,0.15022341108764534,15,Low,Routine Engagement
15729908,411,0,36,10,0.0,1,0,0,120694.35,2,329,0,0,0,1,0,0,0,0.3010750659795245,30,Medium,Monitor
15704315,556,1,34,8,163757.06,1,1,1,104000.06,3,719,0,0,0,1,0,0,0,0.06950502717938845,7,Low,Routine Engagement
15597930,646,1,52,8,59669.43,1,0,0,172495.81,3,374,0,0,0,0,1,1,1,0.649972734413987,65,High,Personalized Offer
15769064,537,1,39,3,135309.36,1,1,0,31728.86,2,746,1,0,0,1,0,1,0,0.3333525485543866,33,Medium,Monitor
15596984,629,0,31,6,0.0,1,1,1,16447.6,3,427,0,0,0,1,0,1,0,0.11981240949665839,12,Low,Routine Engagement
15806808,834,0,57,8,112281.6,3,1,0,140225.14,3,597,1,0,1,0,0,1,1,0.8850897849779581,89,High,Immediate Retention Call
15718454,712,0,44,2,0.0,2,0,0,45738.94,5,334,0,1,0,1,0,0,0,0.18768649422880293,19,Low,Routine Engagement
15757661,589,0,39,7,0.0,2,0,0,95985.64,5,359,0,0,0,0,0,0,0,0.09619515743823875,10,Low,Routine Engagement
15800049,728,0,43,5,0.0,1,1,1,120088.17,5,924,0,1,1,0,0,0,0,0.22447166383967446,22,Low,Routine Engagement
15574369,415,1,53,5,167259.44,1,1,1,22357.25,2,929,0,1,0,0,0,0,0,0.27919283171430676,28,Low,Routine Engagement
15755648,675,0,21,8,98373.26,1,1,0,18203.0,5,985,0,0,0,0,1,0,0,0.1400545690125517,14,Low,Routine Engagement
15652218,750,1,33,2,152302.72,1,1,0,71333.44,3,971,0,0,0,1,0,0,0,0.12034621449736141,12,Low,Routine Engagement
15757559,595,0,53,7,0.0,2,1,0,41371.68,3,327,0,0,0,0,0,1,0,0.4109839085422811,41,Medium,Monitor
15606755,597,0,46,4,0.0,2,1,0,58667.16,5,666,0,1,0,0,1,1,0,0.21391605938199135,21,Low,Routine Engagement
15622750,742,0,21,1,114292.48,1,1,0,31520.4,2,254,1,0,1,0,0,0,0,0.3101152722931013,31,Medium,Monitor
15704629,582,0,32,1,116409.55,1,0,1,152790.92,4,519,0,0,0,0,1,0,0,0.10617592956578994,11,Low,Routine Engagement
15736302,687,1,48,4,0.0,2,1,1,170893.85,5,510,0,0,0,0,1,0,0,0.09409671961117487,9,Low,Routine Engagement
15796071,657,1,29,7,83889.03,1,1,0,153059.62,3,682,0,1,0,0,1,0,0,0.12916102585987801,13,Low,Routine Engagement
15804131,850,0,53,7,65407.16,2,0,0,182633.63,1,480,0,1,0,1,0,1,1,0.5144932721742809,51,Medium,Monitor
15708003,587,1,41,8,85109.21,1,1,0,1557.82,4,318,0,1,1,0,0,0,0,0.19364780806786097,19,Low,Routine Engagement
15567335,559,0,42,7,0.0,2,1,1,190040.29,3,822,0,0,0,0,0,0,0,0.09776287911534924,10,Low,Routine Engagement
15606436,500,1,38,7,0.0,2,0,0,192013.23,2,870,0,1,0,0,0,0,0,0.06914992317319643,7,Low,Routine Engagement
15697510,707,0,52,7,0.0,1,1,0,109688.82,1,533,0,1,0,0,1,1,1,0.6916895104460434,69,High,Personalized Offer
15803976,694,0,31,10,0.0,2,1,0,160990.27,3,673,0,0,0,0,1,0,0,0.07061140167691121,7,Low,Routine Engagement
15579566,616,0,43,3,120867.18,1,1,0,18761.92,4,386,0,1,0,0,0,1,0,0.2795030935691931,28,Low,Routine Engagement
15732774,656,1,37,7,112291.34,1,1,0,153157.97,5,722,0,0,0,0,1,0,0,0.12940714883255114,13,Low,Routine Engagement
15789548,592,0,37,7,0.0,2,1,1,126726.33,5,241,0,0,0,0,1,0,0,0.05641277911665758,6,Low,Routine Engagement
15726310,782,0,27,3,0.0,2,1,0,143614.01,3,858,0,1,0,0,0,0,0,0.05841614121599193,6,Low,Routine Engagement
15640917,633,1,43,5,0.0,2,1,1,48249.88,5,250,0,0,0,0,1,0,0,0.09674334632418519,10,Low,Routine Engagement
15689176,663,1,46,3,0.0,2,0,1,176276.1,1,275,0,0,0,0,0,0,0,0.13001669476216743,13,Low,Routine Engagement
15735025,535,1,37,3,175534.78,2,1,1,9241.52,5,316,0,1,0,0,0,0,0,0.1081975088728729,11,Low,Routine Engagement
15579223,573,1,30,8,127406.5,1,1,0,192950.6,4,927,1,0,0,1,0,0,0,0.25571560548226197,26,Low,Routine Engagement
15612207,840,0,51,1,87779.83,1,0,1,36687.11,4,995,1,0,1,0,0,1,1,0.5164253253203175,52,Medium,Monitor
15581626,664,1,54,8,0.0,1,1,1,162719.69,5,742,0,0,0,0,1,1,0,0.28491009327657785,28,Low,Routine Engagement
15777436,710,0,31,5,0.0,2,1,0,9561.73,3,877,0,1,0,1,0,0,0,0.0594395634930196,6,Low,Routine Engagement
15578006,787,0,85,10,0.0,2,1,1,116537.96,2,542,0,0,1,0,0,0,0,0.08419521882624227,8,Low,Routine Engagement
15670343,576,1,19,6,0.0,2,0,0,72306.07,2,600,0,1,1,0,0,0,0,0.0370652352676065,4,Low,Routine Engagement
15805627,670,1,37,2,0.0,2,1,1,54229.74,5,407,0,0,0,0,1,0,0,0.03661319575114781,4,Low,Routine Engagement
15718245,730,1,34,1,0.0,2,1,1,126592.01,3,865,0,0,0,0,0,0,0,0.0311026887354142,3,Low,Routine Engagement
15767864,628,1,33,6,0.0,2,0,0,184230.23,3,529,0,0,0,0,1,0,0,0.04949192661633541,5,Low,Routine Engagement
15807555,535,1,45,2,0.0,2,1,0,125658.28,5,430,0,0,0,0,0,0,0,0.20316780812662605,20,Low,Routine Engagement
15660688,701,0,35,9,0.0,2,0,0,170996.86,3,303,0,1,0,0,0,0,0,0.07450056423812726,7,Low,Routine Engagement
15765375,797,0,46,8,0.0,1,0,0,162668.33,5,968,0,0,0,0,1,0,1,0.579565910132947,58,Medium,Monitor
15789714,691,1,21,3,103000.94,1,1,1,104648.58,3,346,0,1,0,0,1,0,0,0.07166202405139527,7,Low,Routine Engagement
15806256,540,1,48,2,109349.29,1,1,0,88703.04,5,521,0,0,0,0,0,1,0,0.4985179997797151,50,Medium,Monitor
15571873,655,1,24,9,107065.31,1,1,1,51959.82,5,873,0,0,1,0,0,0,0,0.06426815741773187,6,Low,Routine Engagement
15574743,577,1,29,2,0.0,1,1,1,168924.41,2,665,0,1,1,0,0,0,0,0.11218027072057442,11,Low,Routine Engagement
15717935,589,0,21,3,0.0,2,0,1,55601.44,1,427,0,0,0,0,1,0,0,0.04187510961324452,4,Low,Routine Engagement
15692317,722,1,30,5,0.0,2,1,0,166376.54,5,282,0,0,0,1,0,0,0,0.042547712120147095,4,Low,Routine Engagement
15637876,663,0,36,6,77253.5,1,0,0,35817.97,5,944,1,0,0,1,0,1,0,0.2032617679343818,20,Low,Routine Engagement
15700937,767,0,24,5,0.0,2,1,1,67445.85,4,900,0,1,1,0,0,0,0,0.038870306338054814,4,Low,Routine Engagement
15742480,775,1,36,2,109949.05,2,0,1,71682.54,1,826,1,0,1,0,0,0,0,0.11823301755457692,12,Low,Routine Engagement
15647295,426,1,34,9,0.0,2,1,0,107876.91,2,767,0,0,0,1,0,0,0,0.06471141877688309,6,Low,Routine Engagement
15619514,507,1,40,3,120105.43,1,1,0,92075.01,5,787,1,0,0,1,0,1,0,0.3213211884444683,32,Medium,Monitor
15675185,697,0,48,2,108128.96,2,1,1,103944.37,3,980,1,0,0,0,1,0,0,0.35711461951985163,36,Medium,Monitor
15758372,674,1,18,7,0.0,2,1,1,55753.12,5,603,0,0,0,0,0,1,0,0.029892016216095652,3,Low,Routine Engagement
15715667,850,0,32,7,0.0,2,0,0,155227.0,1,990,0,0,1,0,0,0,0,0.07302769638964156,7,Low,Routine Engagement
15585222,515,1,41,8,0.0,2,1,1,185054.14,5,547,0,0,0,0,0,0,0,0.054046838591292404,5,Low,Routine Engagement
15616088,782,0,70,7,97072.42,1,0,1,131177.22,3,714,0,0,1,0,0,0,0,0.19359393384216073,19,Low,Routine Engagement
15757628,571,1,40,10,112896.86,1,1,1,121402.53,2,305,0,0,1,0,0,0,0,0.11948835521027497,12,Low,Routine Engagement
15605531,457,0,38,6,0.0,2,1,0,173219.09,3,629,0,1,0,0,0,0,0,0.0991462507855147,10,Low,Routine Engagement
15601030,777,0,34,5,96693.66,1,1,1,172618.52,2,971,1,0,0,0,1,0,0,0.19515258073203953,20,Low,Routine Engagement
15613180,727,1,21,8,153344.72,1,1,1,163295.87,5,279,1,0,0,1,0,0,0,0.14040617131033822,14,Low,Routine Engagement
15711299,711,0,52,8,145262.54,1,0,1,131473.31,1,282,1,0,0,0,1,0,1,0.5127700958322241,51,Medium,Monitor
15647898,610,0,50,5,130554.51,3,1,0,184758.17,2,821,0,1,0,0,1,1,1,0.8807032833333797,88,High,Immediate Retention Call
15781619,785,0,38,1,0.0,1,1,0,134964.85,3,526,0,0,0,0,0,1,0,0.19942409287679028,20,Low,Routine Engagement
15770539,792,1,30,1,127187.86,1,1,1,113553.42,3,921,0,0,0,0,1,0,0,0.06127470721347428,6,Low,Routine Engagement
15638149,528,1,37,6,103772.45,1,1,0,197111.99,3,391,0,0,0,0,0,0,0,0.1494122385433446,15,Low,Routine Engagement
15691104,460,0,40,6,119507.58,2,1,0,91560.63,5,766,1,0,0,0,1,1,0,0.20678975924439086,21,Low,Routine Engagement
15609558,835,0,47,5,108289.28,2,1,1,45859.55,5,787,1,0,1,0,0,1,0,0.35146179193687005,35,Medium,Monitor
15743582,632,0,27,3,107375.82,1,1,1,62703.38,2,627,0,0,0,1,0,0,0,0.09820589902124294,10,Low,Routine Engagement
15568032,757,1,31,1,127320.36,3,1,0,163170.32,5,892,1,0,0,1,0,0,1,0.7085930205192432,71,High,Personalized Offer
15745001,683,0,36,7,0.0,2,1,0,104786.59,2,381,0,1,1,0,0,0,0,0.06664984887550865,7,Low,Routine Engagement
15572792,535,1,35,8,118989.92,1,1,1,135536.72,5,895,0,1,0,0,0,0,0,0.06688199626642223,7,Low,Routine Engagement
15657085,578,1,23,10,88980.32,1,1,1,125222.36,5,813,0,0,0,1,0,0,0,0.064488785215285,6,Low,Routine Engagement
15765266,615,1,32,1,0.0,2,0,0,2139.25,4,883,0,0,0,1,0,0,0,0.05243767334688315,5,Low,Routine Engagement
15793901,639,0,27,2,0.0,2,0,0,125244.18,3,541,0,0,0,1,0,0,0,0.06451396887305852,6,Low,Routine Engagement
15787459,745,1,40,3,88466.82,1,0,0,116331.42,4,645,0,1,0,0,1,0,0,0.1827125249378865,18,Low,Routine Engagement
15748616,599,1,27,5,0.0,2,1,0,30546.4,3,259,0,0,0,0,1,0,0,0.040735525556996555,4,Low,Routine Engagement
15588944,456,0,63,1,165350.61,2,0,0,140758.07,1,343,0,0,0,0,1,1,1,0.5956883512450704,60,Medium,Personalized Offer
15641250,794,1,38,9,179581.31,1,1,0,23596.24,4,814,0,1,0,1,0,0,0,0.24108413752394853,24,Low,Routine Engagement
15775905,612,0,47,6,130024.87,1,1,1,45750.21,4,705,1,0,0,1,0,1,1,0.5587220816697885,56,Medium,Monitor
15677739,562,1,36,6,0.0,2,1,0,32845.32,1,504,0,0,0,0,0,0,0,0.04532754424185742,5,Low,Routine Engagement
15768342,718,1,52,8,79475.3,3,1,1,32421.32,3,930,0,0,0,0,1,1,1,0.7045872512425649,70,High,Personalized Offer
15572547,670,0,45,9,104930.38,1,1,0,155921.81,3,720,0,0,0,1,0,1,0,0.49903750594829693,50,Medium,Monitor
15654733,794,1,57,3,117056.46,1,1,0,93336.93,3,669,1,0,1,0,0,1,1,0.7637373607488094,76,High,Personalized Offer
15797190,608,0,40,7,96202.32,1,0,0,161154.85,5,822,1,0,0,0,1,0,0,0.32369445102086053,32,Medium,Monitor
15576111,734,1,33,5,121898.58,1,1,0,61829.89,4,659,1,0,0,1,0,0,0,0.25285700539986933,25,Low,Routine Engagement
15577107,657,0,22,6,0.0,3,0,1,168412.07,5,974,0,1,0,0,0,1,1,0.5356242410171632,54,Medium,Monitor
15705707,635,0,29,8,138296.94,2,1,0,141075.51,1,608,0,1,0,1,0,0,0,0.11024947306412962,11,Low,Routine Engagement
15746594,732,1,33,8,0.0,1,1,0,119882.7,2,741,0,1,0,0,0,0,0,0.1703933702078795,17,Low,Routine Engagement
15636478,621,1,31,7,136658.61,1,1,1,148689.13,4,564,0,0,1,0,0,0,0,0.07037579580840445,7,Low,Routine Engagement
15747014,850,0,28,1,105245.34,1,0,1,74780.13,1,495,0,0,0,1,0,0,0,0.09702206664318773,10,Low,Routine Engagement
15636330,588,0,48,1,143279.58,2,1,0,31580.8,2,914,1,0,0,1,0,1,0,0.4463293835650286,45,Medium,Monitor
15625819,625,0,38,7,0.0,1,1,0,164804.02,1,480,0,0,0,0,0,0,0,0.21614974463066997,22,Low,Routine Engagement
15696141,516,0,31,7,0.0,1,1,0,47018.75,2,326,0,1,1,0,0,0,0,0.20794570625016942,21,Low,Routine Engagement
15750602,662,1,29,5,147092.65,1,1,0,10928.3,1,495,0,0,1,0,0,0,0,0.1290530483327781,13,Low,Routine Engagement
15775082,749,1,42,1,129776.72,2,0,1,143538.51,5,942,0,0,0,0,0,0,0,0.08386579201072365,8,Low,Routine Engagement
15692408,463,0,35,2,0.0,2,1,1,1950.93,2,803,0,1,0,0,0,0,0,0.06745850775561436,7,Low,Routine Engagement
15597968,617,1,50,7,0.0,1,1,0,184839.7,3,488,0,1,0,1,0,1,1,0.6278111183529823,63,High,Personalized Offer
15801152,553,0,39,1,142876.98,2,1,0,44363.42,4,649,0,1,0,1,0,0,0,0.12986593029469418,13,Low,Routine Engagement
15617603,850,1,30,5,123210.56,2,1,1,102180.27,4,749,1,0,0,0,0,0,0,0.07711684393068194,8,Low,Routine Engagement
15800229,695,1,40,7,139022.24,1,0,1,193383.13,2,227,1,0,0,0,0,0,0,0.27843371913458037,28,Low,Routine Engagement
15599301,538,0,28,6,164365.44,1,0,1,5698.97,4,659,1,0,0,0,0,0,0,0.18296277377788617,18,Low,Routine Engagement
15637690,622,0,34,7,98675.74,1,1,0,138906.85,5,995,1,0,1,0,0,1,0,0.24188750021532246,24,Low,Routine Engagement
15595842,748,1,45,2,119852.01,1,0,0,73853.94,2,741,1,0,0,1,0,1,1,0.6517490714146623,65,High,Personalized Offer
15782100,544,1,22,3,66483.32,1,0,1,110317.39,2,370,0,1,0,0,1,0,0,0.11602777329620909,12,Low,Routine Engagement
15644878,685,0,43,6,117302.62,1,0,0,68701.73,4,975,0,1,0,0,0,0,0,0.2758129578035476,28,Low,Routine Engagement
15640667,662,0,41,4,0.0,2,1,0,126551.48,4,527,0,0,0,0,1,0,0,0.09795563698011922,10,Low,Routine Engagement
15784286,641,1,40,5,102145.13,1,1,1,100637.07,1,310,0,1,0,0,0,0,0,0.10023522468852962,10,Low,Routine Engagement
15605284,688,1,26,1,0.0,2,1,1,104435.94,2,381,0,0,0,1,0,0,0,0.03254260194980745,3,Low,Routine Engagement
15705765,581,0,46,1,0.0,2,1,0,104272.04,5,790,0,1,0,1,0,0,0,0.21605148206833996,22,Low,Routine Engagement
15699430,618,0,35,10,0.0,2,1,0,180439.75,1,341,0,0,0,0,0,0,0,0.08274170065950054,8,Low,Routine Engagement
15795933,677,0,49,3,0.0,2,1,1,187811.71,3,643,0,0,1,0,0,0,0,0.16310349483923006,16,Low,Routine Engagement
15639217,806,1,34,6,0.0,2,0,0,100809.99,3,780,0,0,0,0,1,0,0,0.04132920003521399,4,Low,Routine Engagement
15763579,702,0,36,2,105264.88,2,1,1,52909.87,3,898,1,0,1,0,0,0,0,0.13969675066345827,14,Low,Routine Engagement
15792180,566,1,22,7,144954.75,2,1,0,102246.0,4,698,1,0,0,0,0,0,0,0.1154330480797753,12,Low,Routine Engagement
15633233,500,1,56,1,100374.58,1,1,0,118490.8,4,950,0,0,0,0,0,1,1,0.6673013843644423,67,High,Personalized Offer
15675675,850,0,32,5,106290.64,1,1,0,121982.73,4,946,0,0,0,0,0,0,0,0.14656865798824162,15,Low,Routine Engagement
15606849,698,0,27,1,94920.71,1,1,1,40339.9,1,701,0,0,0,0,0,0,0,0.09127942362006636,9,Low,Routine Engagement
15803801,454,1,34,4,0.0,2,1,0,198817.72,2,731,0,0,0,1,0,0,0,0.09470585160268075,9,Low,Routine Engagement
15615029,734,1,39,6,0.0,1,1,1,95135.27,1,593,0,1,1,0,0,0,0,0.11299202162671765,11,Low,Routine Engagement
15665521,642,1,18,5,111183.53,2,0,1,10063.75,5,642,1,0,1,0,0,0,0,0.08223558425225354,8,Low,Routine Engagement
15668886,684,0,38,3,0.0,2,1,0,44255.65,4,866,0,1,0,0,1,0,0,0.06833795289712521,7,Low,Routine Engagement
15727311,539,0,22,0,100885.93,2,1,1,38772.65,5,725,0,0,1,0,0,0,0,0.07950113809110514,8,Low,Routine Engagement
15725002,749,1,37,7,0.0,2,1,0,20306.79,3,345,0,0,1,0,0,0,0,0.04753674864741723,5,Low,Routine Engagement
15690188,631,1,33,7,0.0,1,1,1,58043.02,2,715,0,0,0,0,1,1,0,0.10461787723653265,10,Low,Routine Engagement
15642391,621,1,51,4,109978.83,1,0,0,177740.58,3,387,1,0,0,0,1,1,1,0.780126077942176,78,High,Personalized Offer
15687270,491,0,61,8,0.0,2,0,1,139861.53,4,973,0,1,0,1,0,0,0,0.21288342446261896,21,Low,Routine Engagement
15633064,438,0,36,4,0.0,2,1,0,64420.5,3,660,0,0,0,0,1,0,0,0.08650599355165701,9,Low,Routine Engagement
15572182,505,0,33,3,106506.77,3,1,0,45445.78,5,683,1,0,1,0,0,1,1,0.6976082433193115,70,High,Personalized Offer
15636767,665,0,32,10,0.0,1,1,1,22487.45,4,709,0,1,0,1,0,0,0,0.13565337787556686,14,Low,Routine Engagement
15713378,711,1,38,10,0.0,2,0,0,53311.78,1,784,0,0,0,0,0,0,0,0.054528842849294525,5,Low,Routine Engagement
15592925,711,1,42,3,177626.77,3,0,1,16392.72,1,788,0,1,0,1,0,1,1,0.7058384402986536,71,High,Personalized Offer
15702789,548,1,32,5,175214.71,1,1,1,155165.61,5,574,1,0,0,0,0,0,0,0.11081168272545995,11,Low,Routine Engagement
15591179,702,1,30,2,0.0,2,1,1,145537.32,3,786,0,1,1,0,0,0,0,0.0234618627597554,2,Low,Routine Engagement
15589660,661,0,32,1,145980.23,1,0,1,56636.28,3,883,1,0,0,0,0,0,0,0.1894398467767409,19,Low,Routine Engagement
15623730,792,1,34,1,0.0,1,0,1,86330.32,4,836,0,0,0,0,0,0,0,0.09618965065156729,10,Low,Routine Engagement
15601627,587,1,33,8,148163.57,1,0,0,122925.4,3,454,0,0,0,0,0,0,0,0.11781726108259072,12,Low,Routine Engagement
15732020,610,1,57,6,106938.11,2,0,1,186612.47,4,913,1,0,0,0,0,0,0,0.3169684650965489,32,Medium,Monitor
15690670,720,1,33,2,0.0,2,0,1,141031.08,2,633,0,0,1,0,0,0,0,0.023740910051206727,2,Low,Routine Engagement
15606944,645,1,43,9,140121.17,1,1,0,11302.7,1,752,1,0,0,0,0,1,1,0.5120466304151203,51,Medium,Monitor
15624013,541,0,39,6,109844.81,1,1,0,25289.23,4,884,0,0,0,0,0,0,0,0.19697417933322448,20,Low,Routine Engagement
15806447,690,1,32,0,106683.52,2,1,1,137916.49,1,615,1,0,0,1,0,0,0,0.10125630918285507,10,Low,Routine Engagement
15625126,629,0,40,6,0.0,2,1,1,139356.3,4,327,0,0,0,0,1,0,0,0.07917097796827985,8,Low,Routine Engagement
15627365,732,1,46,0,0.0,2,1,1,184350.78,3,461,0,0,0,0,0,0,0,0.11517702275794925,12,Low,Routine Engagement
15748123,613,1,20,3,0.0,2,1,1,149613.77,1,817,0,0,1,0,0,0,0,0.02549090745024295,3,Low,Routine Engagement
15713578,483,0,50,9,0.0,2,1,1,111020.24,5,706,0,0,0,0,1,0,0,0.20565268445737356,21,Low,Routine Engagement
15591344,715,1,42,6,0.0,2,1,1,128745.69,4,289,0,1,0,0,1,0,0,0.048547779264000966,5,Low,Routine Engagement
15726167,655,1,37,4,0.0,2,1,1,142415.97,3,774,0,0,0,1,0,0,0,0.02990034141723783,3,Low,Routine Engagement
15641860,764,1,34,6,108760.27,2,1,0,166324.79,3,665,1,0,1,0,0,1,0,0.13705956575168252,14,Low,Routine Engagement
15641662,470,1,39,5,117469.91,2,0,0,63705.9,4,849,1,0,0,0,0,0,0,0.17005859958814218,17,Low,Routine Engagement
15781589,751,1,52,8,0.0,2,0,1,179291.85,5,629,0,1,0,0,1,0,0,0.11372332918352156,11,Low,Routine Engagement
15660385,592,1,39,7,0.0,2,1,0,83084.33,5,563,0,0,0,0,1,0,0,0.054796289355859375,5,Low,Routine Engagement
15677112,519,1,39,2,112957.26,2,1,0,97593.16,3,223,0,0,0,0,1,0,0,0.12013699111359695,12,Low,Routine Engagement
15609458,797,1,30,10,69413.44,1,1,1,74637.57,4,856,0,0,1,0,0,0,0,0.07465118233622502,7,Low,Routine Engagement
15722758,585,1,40,7,0.0,2,0,0,146156.98,4,270,0,0,0,0,1,0,0,0.07779775207689517,8,Low,Routine Engagement
15647725,675,0,61,5,62055.17,3,1,0,166305.16,4,716,0,0,0,1,0,1,1,0.8635233069034927,86,High,Immediate Retention Call
15675422,544,0,32,9,110728.39,1,1,1,14559.62,1,629,0,0,0,0,1,0,0,0.10765400611167776,11,Low,Routine Engagement
15691863,751,0,39,3,0.0,2,1,1,84175.34,4,254,0,0,0,0,0,0,0,0.06652095004467061,7,Low,Routine Engagement
15698031,587,0,39,6,101851.8,2,1,0,7103.71,2,659,1,0,0,0,0,0,0,0.1963100247192105,20,Low,Routine Engagement
15792365,501,1,44,4,142051.07,2,0,1,74940.5,3,251,0,0,1,0,0,0,0,0.1822622407242081,18,Low,Routine Engagement
15744240,688,0,46,0,74458.25,1,0,1,6866.31,1,752,1,0,0,0,0,0,0,0.46296736849405773,46,Medium,Monitor
15790455,478,0,50,2,0.0,1,0,1,93332.64,4,339,0,0,1,0,0,1,0,0.44491431230164763,44,Medium,Monitor
15697129,706,0,43,1,0.0,2,1,0,31962.77,4,994,0,1,0,0,1,0,0,0.14620819408096145,15,Low,Routine Engagement
15743293,651,0,35,1,163700.78,3,1,1,29583.48,4,467,1,0,0,0,0,1,1,0.6678703677697184,67,High,Personalized Offer
15732740,765,0,32,9,178095.55,1,0,0,47247.56,3,656,0,1,1,0,0,0,0,0.23614900834432043,24,Low,Routine Engagement
15661349,633,1,35,10,0.0,2,1,0,65675.47,1,898,0,0,0,0,0,0,0,0.04463601311000986,4,Low,Routine Engagement
15793247,498,1,34,5,0.0,2,1,1,91711.66,1,949,0,0,1,0,0,0,0,0.028838979357253314,3,Low,Routine Engagement
15794874,696,1,41,9,127523.75,1,0,1,191417.42,1,824,0,1,0,0,0,0,0,0.11053985547736084,11,Low,Routine Engagement
15720676,700,0,37,7,0.0,2,1,0,17040.82,3,341,0,0,0,0,0,0,0,0.07026707481205346,7,Low,Routine Engagement
15634551,727,1,46,3,115248.11,4,1,0,130752.01,3,343,1,0,0,0,0,1,1,0.86419762801752,86,High,Immediate Retention Call
15574169,595,0,32,0,92466.21,1,1,0,4721.3,2,238,1,0,0,1,0,0,0,0.2519380959518034,25,Low,Routine Engagement
15639322,633,1,33,4,137847.41,2,1,0,98349.13,1,836,0,1,0,0,0,0,0,0.07535292142474181,8,Low,Routine Engagement
15757952,651,1,44,2,0.0,3,1,0,102530.35,2,992,0,0,1,0,0,1,1,0.6577085617649844,66,High,Personalized Offer
15750658,798,1,37,8,0.0,3,0,0,110783.28,4,860,0,0,0,0,1,0,1,0.5184821866149807,52,Medium,Monitor
15624866,658,1,37,3,168735.74,2,0,0,70370.24,3,226,1,0,0,1,0,0,0,0.14279047791638844,14,Low,Routine Engagement
15808223,615,1,41,1,126773.43,1,1,1,55551.26,2,774,0,1,0,0,1,0,0,0.10448259508503846,10,Low,Routine Engagement
15760085,684,0,48,10,126384.42,1,1,1,198129.36,1,462,1,0,1,0,0,0,0,0.4862897873449348,49,Medium,Monitor
15655903,701,0,34,6,107980.37,1,1,1,119374.74,3,563,0,1,0,1,0,0,0,0.09186563926683718,9,Low,Routine Engagement
15643752,540,1,25,5,116160.23,1,1,0,13411.67,5,906,0,0,0,0,1,0,0,0.11383231686591673,11,Low,Routine Engagement
15764226,630,0,28,8,106425.75,1,1,1,20344.84,5,266,1,0,0,0,0,0,0,0.2096988842259343,21,Low,Routine Engagement
15763414,655,1,32,9,113447.01,1,1,0,82084.3,5,748,1,0,0,0,0,0,0,0.2559807161099807,26,Low,Routine Engagement
15624374,703,1,28,9,0.0,2,0,1,2151.17,1,462,0,0,0,0,1,0,0,0.03602205340870336,4,Low,Routine Engagement
15608804,824,1,49,8,133231.48,1,1,1,67885.37,1,927,1,0,0,1,0,0,0,0.49877486565717083,50,Medium,Monitor
15775756,809,1,33,8,148055.74,1,0,0,199203.21,1,981,1,0,0,1,0,0,0,0.25730970349113386,26,Low,Routine Engagement
15742116,671,0,48,9,116711.06,2,0,0,76373.38,1,489,1,0,0,0,1,0,0,0.49112702304969885,49,Medium,Monitor
15715160,439,1,36,2,165536.28,2,1,1,123956.83,3,877,0,0,0,0,0,0,0,0.06466012889796115,6,Low,Routine Engagement
15718852,794,1,56,9,96951.21,1,1,1,71776.76,2,694,0,0,0,1,0,0,0,0.22441145438876398,22,Low,Routine Engagement
15609987,755,1,42,2,119919.12,1,1,0,156868.21,1,765,0,0,0,1,0,0,0,0.2025399618164644,20,Low,Routine Engagement
15793343,549,0,29,8,0.0,2,1,1,189558.44,4,278,0,0,1,0,0,0,0,0.04818810926513554,5,Low,Routine Engagement
15636428,703,0,45,1,0.0,1,1,0,182784.11,2,919,0,1,0,0,1,1,1,0.5119692200926382,51,Medium,Monitor
15630241,594,1,61,3,62391.22,1,1,1,192434.11,4,968,0,0,0,0,1,0,0,0.2610898847648888,26,Low,Routine Engagement
15720354,581,1,71,4,0.0,2,1,1,197562.08,2,759,0,0,0,0,0,0,0,0.0908059011872196,9,Low,Routine Engagement
15619436,700,0,32,3,0.0,1,0,0,95740.37,2,790,0,0,0,0,1,0,0,0.18043858599247947,18,Low,Routine Engagement
15734008,727,1,59,5,152581.06,1,1,0,71830.1,4,599,1,0,0,1,0,1,1,0.7346002442338938,73,High,Personalized Offer
15787597,420,0,31,1,108377.75,2,1,1,9904.63,2,593,1,0,0,0,0,0,0,0.16939151948267292,17,Low,Routine Engagement
15568904,608,1,34,3,106288.54,1,1,1,36639.25,3,388,1,0,0,0,1,0,0,0.1962686342642877,20,Low,Routine Engagement
15719793,850,1,62,5,0.0,2,1,1,180243.56,5,324,0,1,1,0,0,0,0,0.10808282692780236,11,Low,Routine Engagement
15661821,798,0,49,5,132571.67,1,1,1,31686.33,2,863,1,0,0,0,0,1,1,0.5653118220362299,57,Medium,Monitor
15622911,759,1,42,4,105420.18,1,0,1,121409.06,3,435,0,0,1,0,0,0,0,0.12811553721479235,13,Low,Routine Engagement
15760568,593,0,38,5,142658.04,2,0,1,135337.11,1,698,1,0,1,0,0,0,0,0.15189831768729578,15,Low,Routine Engagement
15751491,443,1,50,3,117206.3,1,1,0,42840.18,1,792,1,0,0,1,0,1,1,0.7284946261351334,73,High,Personalized Offer
15703264,735,1,44,9,120681.63,1,1,0,74836.34,2,520,0,0,0,0,1,0,0,0.2985543806297497,30,Low,Monitor
15654859,612,0,63,2,131629.17,2,1,0,122109.58,4,642,0,1,0,0,1,1,1,0.5923442472210696,59,Medium,Monitor
15739692,679,1,42,1,0.0,2,0,0,71823.15,1,726,0,0,0,0,1,0,0,0.06865826305977132,7,Low,Routine Engagement
15742820,535,0,45,2,0.0,2,0,1,170621.55,4,921,0,0,1,0,0,0,0,0.22619045917332228,23,Low,Routine Engagement
15665579,597,0,28,0,142705.95,1,1,0,127233.39,4,845,0,0,0,1,0,0,0,0.13379404079972174,13,Low,Routine Engagement
15770995,753,0,47,1,131160.85,1,1,0,197444.69,3,482,1,0,0,0,0,0,1,0.723819465614648,72,High,Personalized Offer
15603323,660,0,33,1,0.0,2,0,0,117834.91,1,485,0,1,0,1,0,0,0,0.062364922442193764,6,Low,Routine Engagement
15636977,507,1,36,9,118214.32,3,1,0,119110.03,3,447,1,0,1,0,0,1,1,0.7129765134319317,71,High,Personalized Offer
15657386,712,1,43,1,141749.74,2,0,1,90905.26,4,957,1,0,0,1,0,0,0,0.22570783000205846,23,Low,Routine Engagement
15711251,514,1,45,1,178827.79,1,1,0,60375.18,5,493,0,0,0,0,0,0,0,0.4659760689783379,47,Medium,Monitor
15574886,706,1,32,6,94486.47,1,1,1,146949.74,5,904,0,0,0,0,0,0,0,0.06631668139200954,7,Low,Routine Engagement
15740878,655,0,29,9,0.0,2,0,1,85736.26,5,686,0,1,0,0,0,0,0,0.04364801673712081,4,Low,Routine Engagement
15627848,683,1,38,7,109346.13,2,1,0,102665.92,4,603,0,0,0,0,0,0,0,0.1014175219860569,10,Low,Routine Engagement
15654211,559,0,27,1,0.0,1,0,1,1050.33,5,658,0,1,0,0,0,0,0,0.1557917911706794,16,Low,Routine Engagement
15601387,721,1,35,10,0.0,2,1,0,71594.26,4,383,0,0,0,0,0,0,0,0.0480076326005264,5,Low,Routine Engagement
15644699,850,0,40,0,0.0,2,1,0,1099.95,4,980,0,0,0,1,0,0,0,0.11844344503659801,12,Low,Routine Engagement
15626507,558,1,27,1,152283.39,1,1,0,183271.15,1,783,0,0,1,0,0,0,0,0.1124958190626745,11,Low,Routine Engagement
15571261,714,0,35,6,126077.43,2,1,1,53954.24,2,352,1,0,0,0,0,0,0,0.13403560379154245,13,Low,Routine Engagement
15745533,799,0,63,1,110314.21,2,1,0,37464.0,3,982,0,0,1,0,0,1,1,0.5378711669697198,54,Medium,Monitor
15733119,718,1,35,8,0.0,2,1,0,94820.85,5,769,0,0,0,1,0,0,0,0.04060093494502726,4,Low,Routine Engagement
15630244,457,1,40,10,134320.23,2,1,0,150757.35,5,237,0,0,0,0,0,0,0,0.15889917253201805,16,Low,Routine Engagement
15703763,554,1,44,7,85304.27,1,1,1,58076.52,4,895,0,0,1,0,0,0,0,0.17613355280817686,18,Low,Routine Engagement
15624781,672,0,34,1,142151.75,2,1,1,168753.34,2,851,0,0,0,0,0,0,0,0.08363185774859064,8,Low,Routine Engagement
15629787,652,1,27,10,107303.72,2,0,0,44435.76,2,986,0,0,1,0,0,0,0,0.07672349860551181,8,Low,Routine Engagement
15743007,643,0,45,4,45144.43,1,1,0,60917.24,5,450,0,0,0,0,0,1,0,0.4826727726060128,48,Medium,Monitor
15809509,699,1,29,3,125689.29,1,1,1,151623.71,1,503,0,0,0,0,0,0,0,0.069364477447718,7,Low,Routine Engagement
15723488,668,1,47,7,106854.21,1,0,1,157959.02,3,629,1,0,1,0,0,1,1,0.5180529588843459,52,Medium,Monitor
15574947,656,1,36,8,97786.08,2,0,1,21478.36,3,662,0,0,0,1,0,0,0,0.05647486144456914,6,Low,Routine Engagement
15812920,607,1,40,5,90594.55,1,0,1,181598.25,4,762,1,0,0,0,0,0,0,0.23499008581125302,23,Low,Routine Engagement
15644212,644,1,28,0,0.0,2,1,0,119419.37,5,266,0,1,1,0,0,0,0,0.05981242827725489,6,Low,Routine Engagement
15752731,615,0,30,9,0.0,1,1,0,87347.82,3,437,0,0,0,0,1,0,0,0.17535699255514836,18,Low,Routine Engagement
15753213,604,0,34,7,0.0,2,1,0,193021.49,2,457,0,0,0,0,1,0,0,0.07261020974260454,7,Low,Routine Engagement
15587913,748,0,40,4,0.0,2,1,0,132368.47,3,770,0,1,0,0,0,0,0,0.09861457698688365,10,Low,Routine Engagement
15790846,634,1,38,2,148430.55,1,1,1,56055.72,5,808,1,0,0,1,0,0,0,0.1448468016556782,14,Low,Routine Engagement
15728224,710,0,41,9,149155.53,2,1,0,42131.26,5,407,1,0,0,0,0,1,0,0.1474738315330508,15,Low,Routine Engagement
15782475,700,0,42,8,0.0,2,1,1,105305.72,4,528,0,0,0,0,1,0,0,0.07977220432183753,8,Low,Routine Engagement
15654456,511,1,48,6,149726.08,1,0,0,88307.87,2,527,1,0,1,0,0,1,1,0.6887695410374453,69,High,Personalized Offer
15793049,680,0,48,8,115115.38,1,1,0,139558.6,2,813,1,0,0,0,1,1,1,0.7340602575916564,73,High,Personalized Offer
15700965,724,0,32,6,0.0,2,1,1,150026.79,4,480,0,0,0,1,0,0,0,0.04940574938124762,5,Low,Routine Engagement
15731478,712,0,42,1,87842.98,1,0,0,92223.59,4,927,0,0,0,1,0,0,0,0.24301792745788792,24,Low,Routine Engagement
15793813,774,1,36,7,103688.19,1,0,1,118971.74,1,275,0,0,0,0,1,0,0,0.08204900683258172,8,Low,Routine Engagement
15613102,670,0,31,2,57530.06,1,1,1,181893.31,1,839,0,0,0,1,0,1,0,0.11531686779326372,12,Low,Routine Engagement
15674110,701,0,43,2,160416.56,1,0,1,37266.43,1,998,0,0,0,0,1,0,0,0.21392987112242484,21,Low,Routine Engagement
15734161,636,1,43,6,0.0,2,1,0,43128.95,5,748,0,0,0,1,0,0,0,0.09842970154254957,10,Low,Routine Engagement
15725679,531,0,47,6,0.0,1,0,0,194998.34,2,510,0,0,0,0,1,1,1,0.6393014986243585,64,High,Personalized Offer
15730441,509,1,26,10,0.0,2,1,1,6177.83,5,425,0,0,0,1,0,0,0,0.03655462047199857,4,Low,Routine Engagement
15622518,768,0,26,5,51116.26,1,1,1,70454.79,4,992,0,0,0,1,0,1,0,0.09388097638683089,9,Low,Routine Engagement
15762937,743,0,32,6,140348.56,2,1,1,163254.39,1,707,1,0,0,1,0,0,0,0.10020499172966037,10,Low,Routine Engagement
15582246,737,0,45,2,0.0,2,0,1,177695.67,2,614,0,1,1,0,0,0,0,0.14299034483343587,14,Low,Routine Engagement
15698749,626,0,23,6,85897.95,1,1,0,109742.8,2,906,1,0,0,0,1,0,0,0.18908928989677043,19,Low,Routine Engagement
15776211,678,0,34,6,0.0,2,1,1,124592.84,2,516,0,0,1,0,0,0,0,0.041093493201815816,4,Low,Routine Engagement
15631359,489,0,38,5,117289.92,1,0,0,85231.88,2,655,0,0,1,0,0,0,0,0.16812299940402275,17,Low,Routine Engagement
15574115,656,0,41,6,101179.23,2,1,1,35230.61,2,239,0,1,1,0,0,0,0,0.12683965147186751,13,Low,Routine Engagement
15594864,752,1,30,4,81523.38,1,1,1,36885.85,1,403,1,0,0,0,1,0,0,0.10530505353162821,11,Low,Routine Engagement
15795640,683,0,35,1,132371.3,2,0,0,186123.57,1,504,1,0,1,0,0,0,0,0.14655764120202183,15,Low,Routine Engagement
15681758,525,0,25,10,0.0,2,1,0,69361.95,5,428,0,1,1,0,0,0,0,0.06140541232003173,6,Low,Routine Engagement
15645184,701,1,29,2,0.0,2,1,0,176943.59,3,225,0,0,0,1,0,0,0,0.06261285756003837,6,Low,Routine Engagement
15769522,734,1,51,1,118537.47,1,1,1,116912.45,2,697,0,0,0,0,0,0,0,0.2634663977484092,26,Low,Routine Engagement
15646490,537,1,42,1,190569.23,1,0,1,127154.8,2,341,0,1,0,0,0,0,0,0.20695108870579315,21,Low,Routine Engagement
15575060,797,1,24,5,0.0,2,1,0,182257.61,3,707,0,0,0,0,0,0,0,0.04729817688945365,5,Low,Routine Engagement
15804038,740,1,44,9,0.0,1,0,1,96528.0,2,703,0,0,0,0,0,1,0,0.19868394852760526,20,Low,Routine Engagement
15721383,627,1,40,10,0.0,2,1,1,194792.42,5,545,0,1,1,0,0,0,0,0.044920147665121896,4,Low,Routine Engagement
15646262,622,1,31,7,0.0,1,1,0,35408.77,2,978,0,0,0,1,0,0,0,0.15250967849534913,15,Low,Routine Engagement
15620735,667,0,33,4,127076.68,2,1,0,69011.66,5,910,1,0,0,1,0,0,0,0.14200228878755836,14,Low,Routine Engagement
15723604,639,1,39,6,150555.83,1,1,0,30414.17,5,399,0,0,0,0,1,0,0,0.1691088634026258,17,Low,Routine Engagement
15813034,727,1,38,2,62276.99,1,1,1,59280.79,4,757,0,1,0,0,0,0,0,0.09443637050412894,9,Low,Routine Engagement
15804211,719,1,36,3,155423.17,1,1,1,199841.32,2,374,0,0,0,0,1,0,0,0.09054241335797367,9,Low,Routine Engagement
15679968,623,1,40,5,118788.57,1,1,0,192867.4,3,731,0,0,0,0,1,0,0,0.19584986218314618,20,Low,Routine Engagement
15609299,595,1,29,6,150685.79,1,1,0,87771.06,4,480,0,0,0,0,1,0,0,0.12323018417148555,12,Low,Routine Engagement
15700046,635,1,41,4,103544.88,2,1,0,193746.55,2,439,0,0,1,0,0,0,0,0.11867158750825295,12,Low,Routine Engagement
15658409,686,1,41,5,128876.71,3,1,1,106939.34,5,339,0,0,0,0,0,1,1,0.7422117872364816,74,High,Personalized Offer
15683521,594,1,28,0,142574.71,2,1,0,129084.82,5,689,1,0,1,0,0,0,0,0.11162241511002352,11,Low,Routine Engagement
15774098,701,1,38,3,125385.49,2,0,1,52044.66,2,805,1,0,0,0,0,0,0,0.10638418580285576,11,Low,Routine Engagement
15574480,652,1,31,1,132862.59,1,0,0,158054.49,1,921,0,1,1,0,0,0,0,0.10626216275785826,11,Low,Routine Engagement
15627377,593,1,41,6,0.0,2,1,1,99136.49,4,313,0,0,0,0,1,0,0,0.043987277280170684,4,Low,Routine Engagement
15672754,498,1,42,3,152039.7,1,1,1,53445.17,3,790,1,0,1,0,0,1,0,0.23382068024838507,23,Low,Routine Engagement
15568238,650,1,20,8,0.0,2,1,1,113469.65,4,776,0,1,0,1,0,0,0,0.029554431432753027,3,Low,Routine Engagement
15759872,625,1,22,9,0.0,2,1,0,157072.91,2,599,0,0,0,1,0,0,0,0.038984857353207114,4,Low,Routine Engagement
15801395,790,0,33,10,135120.72,1,0,0,195204.99,3,522,0,0,0,0,0,0,0,0.14137219952608526,14,Low,Routine Engagement
15702337,581,1,37,7,0.0,2,1,1,74320.75,1,754,0,0,0,0,1,0,0,0.03408911047081774,3,Low,Routine Engagement
15716276,709,0,34,2,111669.68,1,1,0,57029.66,4,585,0,0,0,0,0,0,0,0.13771623053946302,14,Low,Routine Engagement
15777893,777,1,43,1,0.0,2,1,0,21785.91,2,984,0,0,1,0,0,0,0,0.09915285128781157,10,Low,Routine Engagement
15746564,566,1,42,3,108010.78,1,1,1,157486.1,3,509,0,0,1,0,0,0,0,0.14311924697831502,14,Low,Routine Engagement
15579808,754,0,39,8,129401.87,1,1,1,87684.93,2,591,1,0,1,0,0,0,0,0.2665785061982383,27,Low,Routine Engagement
15769781,699,0,25,8,0.0,2,1,1,52404.47,5,248,0,1,0,0,1,0,0,0.043505102281749336,4,Low,Routine Engagement
15806771,753,0,40,0,3768.69,2,1,0,177065.24,3,620,0,0,0,1,0,1,0,0.1048387558462363,10,Low,Routine Engagement
15809872,650,1,32,2,84906.45,1,1,0,163216.48,1,902,0,0,1,0,0,0,0,0.10746503013250037,11,Low,Routine Engagement
15733842,597,0,24,1,103219.47,1,1,0,60420.07,3,827,0,0,1,0,0,0,0,0.12739177975797403,13,Low,Routine Engagement
15793307,724,0,41,4,142880.28,3,0,0,185541.2,5,905,0,1,0,0,1,1,1,0.7373648969815834,74,High,Personalized Offer
15782875,663,1,33,5,157274.36,2,1,1,28531.81,2,368,0,0,1,0,0,0,0,0.05918548199725711,6,Low,Routine Engagement
15790412,471,1,26,8,0.0,2,1,1,179655.87,4,388,0,1,1,0,0,0,0,0.04015632063009938,4,Low,Routine Engagement
15778135,575,1,43,3,0.0,1,1,0,83594.51,5,600,0,1,0,0,0,0,0,0.32324535636655605,32,Medium,Monitor
15735522,654,1,37,2,145610.07,2,0,0,186300.59,5,458,1,0,0,0,1,0,0,0.130189286559423,13,Low,Routine Engagement
15636572,760,0,32,7,0.0,2,1,1,105969.05,4,843,0,0,0,0,1,0,0,0.03767931178998631,4,Low,Routine Engagement
15662574,636,1,37,1,115137.26,1,1,0,52484.01,4,564,0,1,0,0,1,0,0,0.13227009874683432,13,Low,Routine Engagement
15706463,597,0,36,9,0.0,2,1,1,7156.09,2,323,0,0,0,0,1,0,0,0.058102794110390564,6,Low,Routine Engagement
15795878,636,1,45,3,0.0,2,1,1,159463.8,3,306,0,1,1,0,0,0,0,0.12116896268256065,12,Low,Routine Engagement
15610042,574,1,33,8,100267.03,1,1,0,103006.27,2,949,0,0,0,0,0,0,0,0.11888767345127067,12,Low,Routine Engagement
15713426,637,1,30,1,122185.53,1,1,0,102566.46,2,782,1,0,1,0,0,1,0,0.2527944466995055,25,Low,Routine Engagement
15767781,648,1,38,10,82697.28,1,1,0,74846.67,3,966,0,0,0,1,0,0,0,0.15292615182099395,15,Low,Routine Engagement
15749019,545,1,45,6,93796.42,2,1,1,162321.26,3,577,1,0,1,0,0,0,0,0.2652670370155937,27,Low,Routine Engagement
15719579,670,0,33,9,84521.48,2,0,1,198017.05,4,430,1,0,0,0,1,0,0,0.08484583625171718,8,Low,Routine Engagement
15596175,659,1,67,6,117411.6,1,1,1,45071.09,2,815,1,0,0,0,1,1,0,0.32461893259106955,32,Medium,Monitor
15803202,350,1,51,10,0.0,1,1,1,125823.79,4,383,0,0,1,0,0,1,0,0.3888449549115527,39,Medium,Monitor
15733297,518,0,38,10,84764.79,1,1,1,162253.9,4,289,0,0,0,0,1,0,0,0.15407813215889035,15,Low,Routine Engagement
15775318,590,0,51,3,154962.99,3,0,1,191932.27,1,759,0,1,0,0,1,1,1,0.810837186588668,81,High,Immediate Retention Call
15768201,850,0,39,2,148586.64,1,1,1,176791.27,2,373,0,0,0,0,0,0,0,0.153117003774779,15,Low,Routine Engagement
15811588,664,0,53,7,187602.18,1,1,0,186392.99,2,712,0,1,0,0,1,1,1,0.684287505129147,68,High,Personalized Offer
15622443,549,1,31,4,0.0,2,0,1,25684.85,1,427,0,0,0,1,0,0,0,0.03141073288101582,3,Low,Routine Engagement
15659105,669,0,47,9,61196.54,1,1,0,58170.24,5,269,0,0,0,0,1,0,1,0.5604027693308784,56,Medium,Monitor
15745201,612,0,43,4,139496.35,2,1,1,77128.23,2,590,0,0,1,0,0,0,0,0.15910052281287568,16,Low,Routine Engagement
15724834,498,0,30,1,0.0,2,0,0,135795.53,5,371,0,0,1,0,0,0,0,0.06078118514542772,6,Low,Routine Engagement
15622631,588,1,44,8,154409.74,1,1,0,49324.03,1,736,0,0,0,0,0,1,0,0.2944050956335362,29,Low,Routine Engagement
15693683,814,1,29,8,97086.4,2,1,1,197276.13,2,965,1,0,1,0,0,0,0,0.07197178198400263,7,Low,Routine Engagement
15654292,565,1,33,8,130368.31,2,1,0,105642.43,3,860,1,0,1,0,0,0,0,0.09805052511563998,10,Low,Routine Engagement
15696539,613,0,21,7,105627.95,1,1,1,36560.51,5,495,0,0,1,0,0,0,0,0.0893896052041692,9,Low,Routine Engagement
15627251,520,1,34,4,134007.9,1,1,1,193209.11,5,523,0,0,0,1,0,0,0,0.09253556063724805,9,Low,Routine Engagement
15648735,718,1,37,8,0.0,2,1,1,142.81,5,720,0,0,1,0,0,0,0,0.04349211262078045,4,Low,Routine Engagement
15710053,667,0,44,5,140406.68,2,0,1,57164.19,1,273,1,0,0,1,0,0,0,0.3219619103937086,32,Medium,Monitor
15628767,608,0,63,3,139529.93,2,1,1,175696.16,2,961,0,1,1,0,0,1,0,0.2219899619412568,22,Low,Routine Engagement
15653306,679,0,32,0,88335.05,1,0,0,159584.81,5,641,1,0,0,0,0,0,0,0.2175737695897518,22,Low,Routine Engagement
15590241,750,0,34,9,112822.26,1,0,0,150401.53,2,563,0,1,0,1,0,1,0,0.14591117394742917,15,Low,Routine Engagement
15683375,541,0,32,4,0.0,1,1,1,114951.42,4,459,0,0,0,0,1,0,0,0.13085851929550815,13,Low,Routine Engagement
15629575,717,1,36,2,148061.89,1,1,0,179128.69,5,969,0,0,0,1,0,1,0,0.12814187848224778,13,Low,Routine Engagement
15570051,775,0,38,6,179886.41,2,0,0,153122.58,3,724,1,0,0,1,0,0,0,0.13755846166498917,14,Low,Routine Engagement
15592914,683,0,29,9,0.0,2,1,1,48849.89,3,468,0,0,1,0,0,0,0,0.04126413185943188,4,Low,Routine Engagement
15711352,841,0,31,3,162701.65,2,1,1,126794.56,3,232,0,0,0,1,0,0,0,0.09033161487020372,9,Low,Routine Engagement
15761018,581,1,50,2,143829.2,2,1,0,181224.24,5,805,1,0,0,0,0,1,0,0.44155881742976183,44,Medium,Monitor
15600700,523,1,63,6,116227.27,1,1,1,119404.63,5,738,1,0,0,0,0,0,0,0.435922400018405,44,Medium,Monitor
15723263,495,0,34,9,117160.32,1,1,1,116069.24,1,715,1,0,0,0,0,1,0,0.2424778235015608,24,Low,Routine Engagement
15797905,682,0,48,7,0.0,2,1,0,65069.03,5,936,0,0,1,0,0,0,0,0.2492191453904761,25,Low,Routine Engagement
15778463,657,0,37,6,95845.6,1,1,0,122218.23,5,517,0,0,1,0,0,0,0,0.15861504376835192,16,Low,Routine Engagement
15668235,614,0,41,3,123475.04,1,1,1,179227.52,4,539,0,0,0,1,0,0,0,0.18839906656090327,19,Low,Routine Engagement
15752081,468,0,56,10,0.0,3,0,1,62256.87,3,547,0,0,0,1,0,1,1,0.6604601653802805,66,High,Personalized Offer
15761132,682,1,46,7,128029.72,1,1,1,62615.35,3,586,0,1,1,0,0,0,0,0.19191779488253716,19,Low,Routine Engagement
15790683,850,1,36,1,104077.19,2,0,1,68594.0,1,388,0,0,0,0,0,0,0,0.06299990594410693,6,Low,Routine Engagement
15611786,668,0,69,9,0.0,1,0,1,134483.07,5,397,0,1,0,1,0,0,0,0.23771819044702777,24,Low,Routine Engagement
15715079,465,1,41,9,117221.15,1,1,0,168280.95,3,495,0,0,0,0,1,0,0,0.2314804997054468,23,Low,Routine Engagement
15591360,642,0,33,4,84607.34,2,0,1,60059.47,5,880,0,0,1,0,0,0,0,0.0688388361420508,7,Low,Routine Engagement
15668057,669,0,31,6,113000.66,1,1,0,40467.82,4,655,0,0,1,0,0,0,0,0.12956023646840997,13,Low,Routine Engagement
15673908,602,0,42,6,158414.85,1,1,1,131886.46,5,807,1,0,1,0,0,0,0,0.2649471310879646,26,Low,Routine Engagement
15738148,465,0,51,8,122522.32,1,0,0,181297.65,5,828,0,0,0,0,1,1,1,0.6211129160881635,62,High,Personalized Offer
15657540,578,1,50,5,151215.34,2,1,0,169804.4,4,623,0,0,0,1,0,0,0,0.426763226880754,43,Medium,Monitor
15705890,674,1,45,7,142072.02,1,1,0,37013.29,2,710,0,0,1,0,0,0,0,0.3842262903591853,38,Medium,Monitor
15715796,728,1,37,0,0.0,2,1,1,72203.8,1,851,0,0,0,1,0,0,0,0.04092815880998212,4,Low,Routine Engagement
15810910,702,0,38,9,0.0,2,1,1,158527.45,2,629,0,1,0,0,1,0,0,0.050466027348419734,5,Low,Routine Engagement
15789379,762,1,26,6,130428.78,1,1,0,173365.89,4,858,0,0,1,0,0,0,0,0.11249319420299367,11,Low,Routine Engagement
15698791,679,1,45,3,146758.24,1,1,0,48466.89,4,873,0,0,0,1,0,0,0,0.3886000765485022,39,Medium,Monitor
15730673,567,1,40,7,122265.24,1,1,0,138552.74,1,433,1,0,0,0,1,0,0,0.3535771688302907,35,Medium,Monitor
15618203,773,1,51,8,116197.65,2,1,1,86701.4,3,345,1,0,1,0,0,0,0,0.3779304707018288,38,Medium,Monitor
15685872,727,0,29,1,146652.01,1,1,1,173486.39,1,518,0,0,0,0,0,0,0,0.10521531696460426,11,Low,Routine Engagement
15639662,710,1,38,2,0.0,2,1,0,96.27,3,703,0,0,0,0,0,0,0,0.05880427898966573,6,Low,Routine Engagement
15735636,604,0,53,2,121389.78,1,1,1,48201.64,1,428,0,0,0,1,0,1,0,0.33184869762108365,33,Medium,Monitor
15643392,742,1,31,4,105239.1,1,1,1,19700.24,3,790,0,0,0,0,0,0,0,0.06792429203020724,7,Low,Routine Engagement
15773456,678,1,36,3,145747.67,2,0,1,89566.74,1,824,1,0,0,0,1,0,0,0.08431128423419572,8,Low,Routine Engagement
15737735,683,1,40,4,95053.1,1,1,1,116816.54,5,777,0,1,0,1,0,1,0,0.0998948202459074,10,Low,Routine Engagement
15612350,691,0,31,5,40915.55,1,1,0,126213.84,2,402,0,0,0,0,1,1,0,0.1987155187444509,20,Low,Routine Engagement
15815626,640,1,63,2,68432.45,2,1,1,112503.24,1,384,0,0,0,0,1,1,0,0.1298825733649238,13,Low,Routine Engagement
15728564,682,1,41,6,0.0,2,0,1,134158.09,1,826,0,0,0,0,0,1,0,0.0426386877989179,4,Low,Routine Engagement
15738224,593,1,32,6,99162.29,1,1,0,128384.11,5,501,0,0,0,1,0,0,0,0.12096153878953471,12,Low,Routine Engagement
15736271,498,0,29,9,0.0,1,1,0,190035.83,4,505,0,0,1,0,0,0,0,0.18673203996686177,19,Low,Routine Engagement
15799710,739,1,37,7,104960.46,1,0,1,80883.82,5,384,0,0,0,0,1,0,0,0.08273622884948115,8,Low,Routine Engagement
15733904,529,1,32,9,147493.89,1,1,0,33656.35,4,250,0,0,0,1,0,0,0,0.12020735390585571,12,Low,Routine Engagement
15638269,597,1,67,2,0.0,2,0,1,108645.85,2,352,0,0,0,1,0,0,0,0.08543775351599572,9,Low,Routine Engagement
15659820,614,0,34,5,0.0,2,1,0,185561.89,5,399,0,0,0,0,1,0,0,0.05835465896426186,6,Low,Routine Engagement
15567855,623,0,29,1,0.0,2,0,0,39382.06,2,252,0,0,0,0,1,0,0,0.06107578766039744,6,Low,Routine Engagement
15679966,661,0,31,3,133964.3,1,1,1,166187.1,2,508,0,0,0,1,0,0,0,0.09988091813485109,10,Low,Routine Engagement
15794849,850,1,22,7,91560.58,2,0,0,10541.38,1,713,1,0,1,0,0,0,0,0.10154345874830702,10,Low,Routine Engagement
15727944,701,0,48,1,92072.68,1,1,1,133992.36,3,340,1,0,0,0,1,0,0,0.49234418057997176,49,Medium,Monitor
15594408,584,0,48,2,213146.2,1,1,0,75161.25,4,814,0,1,0,0,0,1,1,0.5218906649559956,52,Medium,Monitor
15663312,494,0,35,9,112727.06,2,1,0,183752.91,2,697,0,0,0,0,0,0,0,0.12080544426866247,12,Low,Routine Engagement
15724145,616,1,29,8,149318.55,1,1,0,140746.13,1,564,1,0,0,1,0,0,0,0.2134963909086799,21,Low,Routine Engagement
15587394,462,1,39,4,140133.08,2,0,0,131304.45,1,627,0,0,0,0,1,0,0,0.12078326081941898,12,Low,Routine Engagement
15737080,510,0,32,1,0.0,2,0,1,28515.17,4,523,0,0,0,0,1,0,0,0.04920729938795209,5,Low,Routine Engagement
15659475,597,0,33,6,135703.59,2,0,0,74850.84,3,438,0,0,0,0,1,0,0,0.09495373200959346,9,Low,Routine Engagement
15780770,445,1,31,7,145056.59,1,1,1,175893.53,4,946,0,0,0,1,0,0,0,0.07588329609379875,8,Low,Routine Engagement
15772329,580,1,45,8,103741.14,1,1,0,47428.73,4,799,1,0,1,0,0,1,1,0.6450274887381099,65,High,Personalized Offer
15802390,724,0,34,2,0.0,2,1,1,118863.38,4,467,0,0,1,0,0,0,0,0.043540612536063596,4,Low,Routine Engagement
15658360,762,1,35,9,122929.42,2,0,0,149822.04,3,504,0,1,0,0,1,0,0,0.08492507531178645,8,Low,Routine Engagement
15729582,676,1,48,3,80697.44,1,0,0,101397.86,3,856,1,0,0,0,1,0,1,0.6183862066970921,62,High,Personalized Offer
15630195,745,0,40,6,131184.67,1,1,1,49815.62,1,966,0,0,0,0,0,0,0,0.15506615689413525,16,Low,Routine Engagement
15611644,627,1,73,0,146329.73,1,0,1,43615.67,2,871,0,0,0,0,0,0,0,0.14875579105055217,15,Low,Routine Engagement
15640418,649,0,41,4,115897.73,1,1,0,143544.48,3,536,1,0,1,0,0,0,0,0.34789655687391124,35,Medium,Monitor
15807993,588,0,30,0,110148.49,1,1,0,5790.9,4,375,1,0,1,0,0,1,0,0.31814680251000754,32,Medium,Monitor
15634936,735,1,41,7,179904.0,1,1,1,137180.95,1,505,0,0,0,0,1,0,0,0.19967364285096614,20,Low,Routine Engagement
15809347,763,1,32,9,160680.41,1,1,0,30886.35,3,600,1,0,0,0,0,0,0,0.21386866833454657,21,Low,Routine Engagement
15595917,580,0,35,1,102097.33,1,0,1,168285.85,4,778,0,0,0,0,0,0,0,0.11525914102651226,12,Low,Routine Engagement
15730273,841,1,27,8,0.0,1,1,0,171922.72,3,696,0,0,0,0,1,0,0,0.1729604366822364,17,Low,Routine Engagement
15672432,594,0,53,4,0.0,1,1,0,5408.74,2,985,0,0,0,1,0,1,1,0.6435101205960432,64,High,Personalized Offer
15620268,634,1,43,3,212696.32,1,1,0,115268.86,3,327,1,0,0,1,0,0,0,0.4385161640994211,44,Medium,Monitor
15764405,731,1,29,10,0.0,2,1,1,162452.65,4,251,0,0,0,0,1,0,0,0.02763850544605412,3,Low,Routine Engagement
15646161,673,0,37,8,0.0,2,1,1,183318.79,1,603,0,1,0,0,1,0,0,0.0511383725057055,5,Low,Routine Engagement
15701932,586,0,52,6,140900.97,1,1,1,67288.89,3,396,0,0,0,0,1,0,0,0.32285805530748163,32,Medium,Monitor
15620344,813,1,29,6,0.0,1,1,0,33953.87,3,259,0,0,0,1,0,0,0,0.18911525948833005,19,Low,Routine Engagement
15733476,543,1,30,6,73481.05,1,1,1,176692.65,3,683,1,0,1,0,0,0,0,0.10131771231323572,10,Low,Routine Engagement
15580956,683,0,43,4,115888.04,1,1,1,117349.19,5,443,1,0,0,1,0,1,0,0.4078931214437121,41,Medium,Monitor
15685300,603,1,35,6,128993.76,2,1,0,130483.56,4,733,0,0,0,0,0,0,0,0.08310732730572506,8,Low,Routine Engagement
15627484,686,0,47,5,113328.93,1,1,0,124170.9,4,666,0,0,0,1,0,0,1,0.5086904682034661,51,Medium,Monitor
15572361,790,0,34,2,164011.48,1,1,0,199420.41,1,275,1,0,0,0,0,0,0,0.2394949333637895,24,Low,Routine Engagement
15712551,622,0,58,7,116922.25,1,1,0,120415.61,2,475,1,0,1,0,0,1,1,0.7624071046524495,76,High,Personalized Offer
15619537,550,1,31,5,142200.19,2,1,1,122221.71,4,878,0,0,0,1,0,0,0,0.04414449251450219,4,Low,Routine Engagement
15814940,642,0,33,9,0.0,2,1,1,150475.14,4,341,0,1,1,0,0,0,0,0.0512201491446888,5,Low,Routine Engagement
15599268,584,1,32,5,0.0,2,1,0,10956.82,1,735,0,1,0,1,0,0,0,0.04190399215358759,4,Low,Routine Engagement
15641009,544,1,37,3,84496.71,1,0,0,79972.09,5,939,0,0,0,1,0,0,0,0.12914523080056628,13,Low,Routine Engagement
15656188,584,0,30,5,0.0,2,1,1,185201.58,2,564,0,1,0,0,1,0,0,0.04367381111168206,4,Low,Routine Engagement
15720529,591,1,29,6,0.0,2,1,1,108684.65,3,578,0,0,0,0,1,0,0,0.027296934693603406,3,Low,Routine Engagement
15770345,559,0,31,1,139183.06,1,0,1,143360.56,1,529,0,1,0,0,0,0,0,0.11150658881107976,11,Low,Routine Engagement
15570990,520,0,30,4,145222.99,2,0,0,145160.96,3,779,0,1,1,0,0,0,0,0.11537930716802118,12,Low,Routine Engagement
15783541,755,1,31,5,0.0,2,0,1,194660.78,4,535,0,0,0,0,0,0,0,0.029282113138583244,3,Low,Routine Engagement
15697844,721,0,32,10,0.0,1,1,0,136119.96,5,579,0,1,0,0,1,1,0,0.19221962579532817,19,Low,Routine Engagement
15714981,476,1,37,4,0.0,1,1,1,55775.84,1,649,0,0,0,1,0,1,0,0.1229428657905872,12,Low,Routine Engagement
15718588,548,0,37,9,0.0,2,0,0,98029.58,5,967,0,0,0,0,1,0,0,0.0973648964868588,10,Low,Routine Engagement
15738627,768,1,25,6,0.0,2,1,1,21215.67,3,928,0,0,0,1,0,0,0,0.031701696018433846,3,Low,Routine Engagement
15758639,641,1,37,7,0.0,2,1,0,75248.3,2,516,0,0,0,1,0,0,0,0.045664550370109636,5,Low,Routine Engagement
15569678,561,1,32,6,166824.59,1,1,0,139451.98,5,296,1,0,1,0,0,0,0,0.16153807388743005,16,Low,Routine Engagement
15712584,670,0,33,7,0.0,2,1,1,88187.81,2,241,0,0,0,0,0,0,0,0.04829136080179677,5,Low,Routine Engagement
15615931,746,0,37,4,0.0,2,0,1,171039.56,5,219,0,0,0,1,0,0,0,0.09902300422102953,10,Low,Routine Engagement
15706163,518,1,46,4,113625.93,1,0,0,92727.42,2,734,1,0,0,0,1,1,1,0.7132236661333924,71,High,Personalized Offer
15786153,644,1,47,9,137774.11,2,1,0,151902.78,5,499,1,0,0,0,1,0,0,0.4500109477258609,45,Medium,Monitor
15755825,666,1,39,10,0.0,2,1,0,102999.33,5,888,0,0,0,0,1,0,0,0.05759557987796019,6,Low,Routine Engagement
15679587,666,0,34,9,115897.12,1,1,1,25095.03,1,427,0,0,0,0,1,0,0,0.10644594677433998,11,Low,Routine Engagement
15807120,841,0,52,3,112383.03,1,1,0,85516.37,4,778,1,0,0,1,0,1,1,0.7290177029989701,73,High,Personalized Offer
15627859,607,1,29,7,102609.0,1,1,0,163257.44,5,800,1,0,0,0,0,0,0,0.2284882021273505,23,Low,Routine Engagement
15567897,619,1,23,5,132725.1,1,1,1,143913.33,3,531,1,0,0,1,0,0,0,0.143598493430833,14,Low,Routine Engagement
15673907,659,1,20,8,0.0,2,0,0,112572.02,5,833,0,0,1,0,0,0,0,0.035464480642122036,4,Low,Routine Engagement
15764922,596,1,20,3,187294.46,1,1,0,103456.47,4,719,0,1,0,0,0,0,0,0.18251513943621678,18,Low,Routine Engagement
15738889,658,1,42,8,102870.93,1,0,1,103764.55,4,811,0,0,0,1,0,1,0,0.12958771471677277,13,Low,Routine Engagement
15812750,591,1,24,6,147360.0,1,1,1,25310.82,3,602,0,0,0,0,1,0,0,0.07491830642430025,7,Low,Routine Engagement
15649112,738,0,33,3,122134.4,2,0,1,27867.59,4,298,0,1,0,0,1,0,0,0.08309514747937648,8,Low,Routine Engagement
15807003,762,1,32,10,191775.65,1,1,0,179657.83,2,914,0,0,0,0,0,0,0,0.2097981459192366,21,Low,Routine Engagement
15732943,574,1,36,4,77967.5,1,1,0,167066.95,1,929,0,1,0,0,0,1,0,0.1371022696181087,14,Low,Routine Engagement
15801915,529,0,31,6,152310.55,1,1,0,13054.25,1,691,0,0,0,1,0,0,0,0.14206072046119034,14,Low,Routine Engagement
15807837,640,0,30,6,107499.7,1,1,1,187632.22,5,663,0,0,0,0,0,0,0,0.11227472599120727,11,Low,Routine Engagement
15699325,555,0,62,10,114822.64,1,0,1,8444.5,3,291,1,0,1,0,0,0,1,0.5031126184582744,50,Medium,Monitor
15598046,662,0,39,5,139562.05,2,1,0,61636.22,4,871,0,0,0,1,0,0,0,0.12995951328124095,13,Low,Routine Engagement
15779176,565,0,58,3,108888.24,3,0,1,135875.51,3,936,1,0,0,1,0,1,1,0.846569763352488,85,High,Immediate Retention Call
15764170,647,1,44,4,93960.35,1,1,0,36579.53,2,417,1,0,0,0,1,1,1,0.5407788123620388,54,Medium,Monitor
15707505,699,1,31,8,125927.51,2,1,0,147661.47,2,240,0,1,0,1,0,0,0,0.08730602822036732,9,Low,Routine Engagement
15730793,699,0,54,3,111009.32,1,1,1,155905.79,5,241,1,0,0,0,0,1,1,0.5355271446799549,54,Medium,Monitor
15630328,635,0,48,8,130796.33,2,1,1,43250.3,4,885,0,0,0,0,1,0,0,0.23105178177365004,23,Low,Routine Engagement
15750929,702,1,39,8,0.0,2,1,0,99654.13,4,876,0,1,0,0,0,0,0,0.047633695264323254,5,Low,Routine Engagement
15809901,755,1,36,8,0.0,2,1,0,176809.87,2,549,0,0,1,0,0,0,0,0.04640977513067762,5,Low,Routine Engagement
15576706,651,1,37,9,114453.58,1,0,1,175820.91,4,403,1,0,0,0,1,0,0,0.2282810910813207,23,Low,Routine Engagement
15706365,648,0,50,9,102535.57,1,1,1,189543.19,5,332,0,0,0,0,0,0,0,0.36377075805468145,36,Medium,Monitor
15734886,686,0,34,3,123971.51,2,1,0,147794.63,5,410,0,0,0,1,0,0,0,0.1046075395786281,10,Low,Routine Engagement
15596303,688,0,39,0,0.0,2,1,0,53222.15,5,765,0,0,1,0,0,1,0,0.09362235381368349,9,Low,Routine Engagement
15792222,712,0,37,1,106881.5,2,0,0,169386.81,2,275,0,0,0,1,0,0,0,0.12394482218857356,12,Low,Routine Engagement
15733597,669,0,41,0,150219.41,2,0,0,107839.03,2,880,0,0,0,1,0,0,0,0.1551061586320285,16,Low,Routine Engagement
15749123,743,1,45,7,157332.26,1,1,0,125424.42,2,775,0,1,0,0,1,0,0,0.3754363130573725,38,Medium,Monitor
15764293,490,1,33,1,0.0,2,1,1,80792.83,3,861,0,0,0,0,0,0,0,0.03282767055072398,3,Low,Routine Engagement
15690829,430,1,49,3,137115.16,1,1,0,146516.86,1,404,1,0,1,0,0,1,1,0.6904293314185946,69,High,Personalized Offer
15626882,662,1,37,5,94901.09,1,1,1,48233.75,1,579,0,1,0,0,0,0,0,0.0763309999461691,8,Low,Routine Engagement
15641319,518,1,50,4,0.0,1,0,0,107112.25,2,225,0,1,0,1,0,1,1,0.591196016764884,59,Medium,Monitor
15673619,530,1,25,9,162560.32,1,1,0,64129.03,5,451,0,0,0,0,1,0,0,0.12293234771343162,12,Low,Routine Engagement
15736327,567,0,46,1,68238.51,2,1,1,109572.58,3,281,1,0,0,1,0,0,0,0.29615834597875534,30,Low,Monitor
15688691,665,0,51,9,110610.41,2,0,1,1112.76,2,843,1,0,1,0,0,1,0,0.39028868078057694,39,Medium,Monitor
15735263,736,1,27,5,51522.75,1,0,1,192131.77,4,562,0,0,0,0,1,0,0,0.09629754466179223,10,Low,Routine Engagement
15604314,703,0,26,1,97331.19,1,1,0,63717.49,5,425,1,0,0,0,0,0,0,0.23310621497463746,23,Low,Routine Engagement
15758136,778,1,37,3,141803.77,1,0,1,179421.84,3,397,0,0,1,0,0,0,0,0.09790563413606997,10,Low,Routine Engagement
15665064,523,1,36,8,158351.02,2,1,0,155304.53,1,486,0,0,0,0,1,0,0,0.10227697322698968,10,Low,Routine Engagement
15648638,629,1,34,6,0.0,2,1,0,190347.72,3,741,0,1,0,0,0,0,0,0.04344970911556021,4,Low,Routine Engagement
15767921,613,1,41,7,0.0,2,1,0,60297.72,3,776,0,0,0,0,0,0,0,0.06079532381278186,6,Low,Routine Engagement
15569098,627,1,44,6,153548.12,1,0,0,35300.08,2,740,0,0,0,0,0,1,0,0.284526066991474,28,Low,Routine Engagement
15680278,661,0,42,9,75361.44,1,1,0,27608.12,2,828,0,1,0,1,0,1,0,0.28121412129510387,28,Low,Routine Engagement
15799435,619,1,34,1,0.0,1,1,0,139919.38,5,524,0,1,1,0,0,0,0,0.15188041833881877,15,Low,Routine Engagement
15730810,613,1,44,9,100524.69,1,1,1,47298.95,4,484,0,1,0,0,0,0,0,0.18335791739353557,18,Low,Routine Engagement
15659325,802,1,40,5,0.0,2,1,1,175043.69,4,332,0,1,1,0,0,0,0,0.042086892077148275,4,Low,Routine Engagement
15607176,674,1,22,3,0.0,1,1,1,173940.59,4,269,0,0,0,1,0,0,0,0.11593038984207425,12,Low,Routine Engagement
15809143,456,1,32,9,133060.63,1,1,1,125167.92,2,655,1,0,0,0,0,0,0,0.16849901477920556,17,Low,Routine Engagement
15808780,850,0,34,2,0.0,2,0,0,51919.04,4,506,0,0,0,0,0,0,0,0.06000721395774725,6,Low,Routine Engagement
15632256,541,1,29,7,127504.57,1,0,0,86173.92,4,647,0,0,0,0,0,0,0,0.11514861394555734,12,Low,Routine Engagement
15698902,547,0,42,1,142703.4,1,1,0,86207.49,5,731,1,0,0,1,0,1,0,0.359739081858512,36,Medium,Monitor
15762573,680,0,34,7,0.0,2,1,0,98949.85,5,912,0,1,0,1,0,0,0,0.05422586978454246,5,Low,Routine Engagement
15586300,615,1,66,7,0.0,2,1,1,74580.8,1,994,0,0,0,1,0,0,0,0.07892294223364074,8,Low,Routine Engagement
15611287,777,0,30,4,0.0,2,0,1,115611.97,1,561,0,0,0,0,0,0,0,0.03976207510933143,4,Low,Routine Engagement
15692819,665,1,32,1,132178.67,1,0,0,11865.76,1,274,1,0,1,0,0,0,0,0.26841607977055215,27,Low,Routine Engagement
15632609,554,0,39,10,160132.75,1,1,0,32824.15,5,981,0,0,1,0,0,0,0,0.21095856400674184,21,Low,Routine Engagement
15792668,661,1,37,7,109908.06,2,1,0,115037.67,2,311,1,0,0,0,1,1,0,0.19532397028785858,20,Low,Routine Engagement
15613518,647,0,35,6,112668.7,1,0,1,122584.29,3,525,0,0,0,1,0,0,0,0.10369522987376152,10,Low,Routine Engagement
15668679,630,1,31,0,0.0,2,1,1,34475.14,2,252,0,0,0,1,0,0,0,0.05886698600125019,6,Low,Routine Engagement
15627741,631,0,29,2,96863.52,2,1,1,31613.35,3,958,1,0,0,0,0,0,0,0.08190664087033912,8,Low,Routine Engagement
15667971,592,0,34,6,102143.93,2,1,1,102628.98,2,962,1,0,1,0,0,0,0,0.10825711421582007,11,Low,Routine Engagement
15693382,828,1,31,9,0.0,1,0,1,164257.37,3,421,0,0,1,0,0,0,0,0.10253617764628851,10,Low,Routine Engagement
15632439,698,0,39,4,0.0,2,0,1,47455.82,5,639,0,0,0,0,1,0,0,0.05813831978974828,6,Low,Routine Engagement
15749540,585,1,36,7,0.0,2,1,0,94283.09,4,377,0,0,0,0,1,0,0,0.05546082736893636,6,Low,Routine Engagement
15603481,689,0,55,4,0.0,2,1,1,58442.25,2,977,0,1,0,1,0,0,0,0.13452720962949724,13,Low,Routine Engagement
15694395,620,0,29,1,138740.24,2,0,0,154700.61,2,271,0,0,0,0,1,0,0,0.10134082241445054,10,Low,Routine Engagement
15801351,583,1,40,3,0.0,2,1,0,47728.0,5,648,0,0,0,1,0,0,0,0.0536578406437935,5,Low,Routine Engagement
15699492,665,0,27,2,147435.96,1,0,0,187508.06,1,258,1,0,0,0,0,0,0,0.24824376819128627,25,Low,Routine Engagement
15756425,660,1,30,7,146301.31,1,0,0,96847.91,1,950,0,0,0,1,0,0,0,0.11906092170571306,12,Low,Routine Engagement
15603743,526,1,28,1,112070.44,1,0,1,126281.83,4,486,0,0,0,0,0,0,0,0.0699328869245747,7,Low,Routine Engagement
15576044,579,1,28,6,150329.15,1,1,0,145558.42,2,588,1,0,0,1,0,0,0,0.18061046479404752,18,Low,Routine Engagement
15619016,660,1,46,5,109019.65,2,1,1,33680.56,3,603,1,0,0,0,1,0,0,0.2990888340724352,30,Low,Monitor
15626795,672,0,40,3,0.0,1,1,0,113171.61,5,755,0,0,1,0,0,1,0,0.25649721000248216,26,Low,Routine Engagement
15752912,661,0,30,7,0.0,2,1,0,72196.57,3,220,0,0,0,0,0,0,0,0.08263451848595063,8,Low,Routine Engagement
15662091,570,1,21,7,116099.82,1,1,1,148087.62,5,888,0,1,0,0,0,0,0,0.06825533318478563,7,Low,Routine Engagement
15618182,678,0,38,2,0.0,2,0,0,115068.99,1,223,0,0,0,1,0,0,0,0.10875737088252768,11,Low,Routine Engagement
15656707,720,1,21,2,123200.78,1,1,1,180712.28,2,291,0,1,0,1,0,0,0,0.07922570849218402,8,Low,Routine Engagement
15589715,584,0,66,5,0.0,1,1,0,49553.38,4,770,0,0,1,0,0,1,1,0.572734064073815,57,Medium,Monitor
15708063,712,1,36,2,100749.5,3,0,0,70758.37,2,291,0,0,0,1,0,1,1,0.6753023075573051,68,High,Personalized Offer
15813850,720,1,52,7,0.0,1,1,1,14781.12,1,678,0,0,1,0,0,0,0,0.2994970503146284,30,Low,Monitor
15652289,694,1,47,4,0.0,2,1,0,197528.62,2,782,0,0,0,0,1,0,0,0.19718408092172798,20,Low,Routine Engagement
15600258,701,1,43,2,0.0,2,1,1,165303.79,2,633,0,0,0,0,1,0,0,0.06880636593602213,7,Low,Routine Engagement
15610930,572,0,35,1,139979.07,1,1,0,185662.84,4,598,1,0,0,0,1,0,0,0.29778708872009696,30,Low,Monitor
15584785,660,1,37,2,97324.91,1,1,0,23291.83,2,942,0,0,0,0,0,0,0,0.13001140017327484,13,Low,Routine Engagement
15654851,748,1,44,2,92911.52,1,0,1,85495.24,5,805,0,0,0,1,0,0,0,0.20364826506982606,20,Low,Routine Engagement
15625501,570,1,38,1,127201.58,1,1,0,147168.28,2,509,1,0,0,1,0,1,0,0.30780346934720765,31,Medium,Monitor
15745452,651,1,41,1,90218.11,1,1,0,174337.68,5,343,1,0,0,1,0,0,0,0.2858005597398065,29,Low,Routine Engagement
15802617,697,1,43,7,115371.94,2,1,0,64139.1,1,538,1,0,1,0,0,0,0,0.29939078413420905,30,Low,Monitor
15728917,598,1,48,6,120682.53,1,1,0,30635.52,2,675,0,0,1,0,0,1,0,0.44063016424301005,44,Medium,Monitor
15572051,721,1,40,3,0.0,1,1,1,144874.67,1,391,0,0,0,0,1,0,0,0.13741127725914745,14,Low,Routine Engagement
15599829,577,0,35,10,0.0,2,1,1,25161.61,3,723,0,0,0,1,0,0,0,0.05730019897327681,6,Low,Routine Engagement
15653620,546,0,27,8,0.0,2,1,1,14858.1,2,776,0,0,0,0,1,0,0,0.04030423409922464,4,Low,Routine Engagement
15805955,638,0,48,10,138333.03,1,1,1,47679.14,3,893,0,0,0,0,1,0,0,0.2886589442758737,29,Low,Routine Engagement
15683503,601,0,43,8,0.0,3,0,1,110916.15,4,343,0,0,0,0,1,1,1,0.6940340009912517,69,High,Personalized Offer
15608387,786,0,29,4,0.0,2,1,0,103372.79,4,245,0,0,0,0,1,0,0,0.0677139481694945,7,Low,Routine Engagement
15767626,811,1,42,10,0.0,2,1,1,3797.79,5,750,0,0,0,0,1,0,0,0.05624191483860212,6,Low,Routine Engagement
15705403,617,0,46,3,106521.49,1,0,1,86587.37,4,693,0,1,0,0,0,0,0,0.2753123619732164,28,Low,Routine Engagement
15797227,754,1,28,8,0.0,2,1,1,52615.62,4,497,0,0,0,0,0,0,0,0.027671624197489194,3,Low,Routine Engagement
15731267,797,1,37,4,75263.7,1,1,0,85801.77,4,300,0,0,0,1,0,0,0,0.14516624417552618,15,Low,Routine Engagement
15810826,624,1,36,6,0.0,2,0,0,84749.96,3,747,0,0,1,0,0,0,0,0.04427281459156495,4,Low,Routine Engagement
15732113,671,1,50,8,0.0,1,0,1,2560.11,1,678,0,1,1,0,0,0,0,0.2957404947900144,30,Low,Monitor
15657771,537,1,37,6,0.0,1,1,1,17802.42,2,336,0,0,0,1,0,0,0,0.12862488905043215,13,Low,Routine Engagement
15684103,674,0,26,10,0.0,2,1,1,138423.1,1,664,0,0,0,1,0,0,0,0.04888114639118037,5,Low,Routine Engagement
15625944,664,1,58,5,98668.18,1,1,1,60887.58,1,773,0,0,0,0,0,0,0,0.22006062141824384,22,Low,Routine Engagement
15635078,714,1,45,0,124693.48,1,0,1,187194.15,2,952,0,1,0,1,0,0,0,0.21062456436143695,21,Low,Routine Engagement
15646366,521,1,41,8,120586.54,1,0,1,20491.15,4,486,1,0,1,0,0,0,0,0.2750186909241819,28,Low,Routine Engagement
15585362,749,0,60,6,0.0,1,1,0,17978.68,5,718,0,0,0,0,1,1,1,0.722006909075169,72,High,Personalized Offer
15637644,667,0,24,4,0.0,2,0,1,34335.55,5,560,0,0,0,0,0,0,0,0.046073068302504024,5,Low,Routine Engagement
15785024,629,0,40,9,137409.19,1,1,0,175877.7,4,877,0,0,0,0,0,1,0,0.24462795537020682,24,Low,Routine Engagement
15586243,667,1,44,8,122277.87,1,1,1,91810.71,5,950,0,0,0,1,0,0,0,0.17324990844642624,17,Low,Routine Engagement
15635097,599,1,39,2,188976.89,2,0,1,176142.09,3,729,1,0,0,0,1,0,0,0.09115169176567531,9,Low,Routine Engagement
15641413,587,0,49,7,155393.98,2,1,0,13308.2,1,318,1,0,0,0,0,1,0,0.4907600919965436,49,Medium,Monitor
15732704,582,1,25,9,148042.97,2,1,0,52341.15,5,310,0,1,0,0,0,0,0,0.0814736730406622,8,Low,Routine Engagement
15626233,593,0,32,3,0.0,2,1,1,151978.36,3,571,0,0,1,0,0,0,0,0.049368615536748595,5,Low,Routine Engagement
15689201,721,0,49,1,120108.56,1,0,1,183421.76,4,970,0,0,0,0,1,0,0,0.34029076771660227,34,Medium,Monitor
15593250,640,0,29,4,0.0,2,1,0,44904.26,3,758,0,0,1,0,0,0,0,0.05239777045850984,5,Low,Routine Engagement
15654870,759,0,45,8,0.0,2,1,1,99251.24,1,292,0,0,0,0,0,0,0,0.16788871627829033,17,Low,Routine Engagement
15760216,718,0,49,10,0.0,1,1,0,184474.72,2,692,0,0,0,1,0,1,1,0.6370072466033271,64,High,Personalized Offer
15689526,542,0,35,9,127543.11,2,1,0,468.94,4,732,1,0,0,0,1,1,0,0.15612833842906648,16,Low,Routine Engagement
15798737,654,1,38,8,0.0,2,1,0,88659.44,4,605,0,0,0,0,0,0,0,0.05011495702354111,5,Low,Routine Engagement
15781689,758,1,35,5,0.0,2,1,0,95009.6,5,921,0,1,0,0,1,0,0,0.04258412655773418,4,Low,Routine Engagement
15580560,769,0,73,1,0.0,1,1,1,29792.11,3,415,0,0,0,0,0,0,0,0.23890296252083743,24,Low,Routine Engagement
15778884,809,0,38,2,154763.21,2,1,1,174800.31,5,733,0,0,0,0,0,0,0,0.1014425760411253,10,Low,Routine Engagement
15762708,619,0,38,10,119658.49,1,1,1,8646.58,2,412,0,1,0,0,1,0,0,0.14318715653033273,14,Low,Routine Engagement
15628992,850,1,32,2,128647.98,2,0,0,54416.18,2,607,1,0,0,0,1,0,0,0.1321805002366504,13,Low,Routine Engagement
15582762,667,1,77,2,0.0,1,1,1,34702.92,4,965,0,1,0,0,0,0,0,0.15118010109993407,15,Low,Routine Engagement
15792388,645,0,48,7,90612.34,1,1,1,149139.13,3,803,0,0,0,0,0,0,0,0.33258558852360337,33,Medium,Monitor
15811958,850,1,44,2,112755.34,2,0,0,158171.36,5,842,1,0,0,0,1,0,0,0.30135004766072077,30,Medium,Monitor
15654074,653,1,38,8,119315.75,1,1,0,150468.35,3,978,0,0,0,0,1,0,0,0.1513004318770073,15,Low,Routine Engagement
15680666,579,0,39,2,151963.26,2,1,0,158948.63,1,393,0,1,0,1,0,0,0,0.14018633083107962,14,Low,Routine Engagement
15669342,731,1,35,2,127862.93,2,1,0,139083.7,1,561,1,0,0,1,0,0,0,0.14851309433594712,15,Low,Routine Engagement
15619116,493,0,36,2,0.0,2,0,1,99770.3,2,229,0,0,0,1,0,0,0,0.0902612548966209,9,Low,Routine Engagement
15718667,621,1,35,7,87619.29,1,1,0,143.34,2,270,0,0,0,0,0,0,0,0.13622096709158846,14,Low,Routine Engagement
15695819,504,1,43,5,134740.19,2,1,0,181430.91,1,640,1,0,0,0,1,0,0,0.2657045028552151,27,Low,Routine Engagement
15655123,505,0,45,9,131355.3,3,1,0,195395.33,2,661,0,1,0,1,0,1,1,0.8190245111535387,82,High,Immediate Retention Call
15655229,850,0,35,7,114285.2,1,0,1,129660.59,5,791,1,0,1,0,0,0,0,0.2372238824940373,24,Low,Routine Engagement
15703793,738,1,58,2,133745.44,4,1,0,28373.86,4,725,1,0,1,0,0,1,1,0.8565301390423385,86,High,Immediate Retention Call
15723717,483,1,41,1,118334.44,1,0,0,163147.99,3,985,1,0,0,0,1,1,0,0.3734605129946874,37,Medium,Monitor
15726631,758,0,39,6,127357.76,1,0,1,56577.0,4,404,0,0,0,0,1,0,0,0.14121263853396135,14,Low,Routine Engagement
15602010,850,0,45,5,103909.86,1,1,0,60083.11,5,312,1,0,0,0,0,1,1,0.632802125164454,63,High,Personalized Offer
15725036,709,1,42,9,118546.71,1,0,1,77142.85,5,503,0,0,1,0,0,0,0,0.12185954544657321,12,Low,Routine Engagement
15709737,643,1,36,7,161064.64,2,0,1,84294.82,1,233,0,0,0,0,1,0,0,0.07394218715674385,7,Low,Routine Engagement
15631709,470,0,31,2,101675.22,2,1,0,45033.75,1,788,0,1,0,0,1,0,0,0.09372035616839446,9,Low,Routine Engagement
15592379,741,0,42,9,121056.63,2,1,0,39122.58,4,872,0,1,0,1,0,0,0,0.15877562148497687,16,Low,Routine Engagement
15666181,650,1,33,0,98064.97,1,1,0,52411.99,1,262,0,0,1,0,0,0,0,0.1155234003326505,12,Low,Routine Engagement
15575399,480,0,42,1,152160.21,2,1,0,101778.9,3,323,0,0,0,0,0,0,0,0.17104123632211865,17,Low,Routine Engagement
15809654,707,0,46,7,127476.73,2,1,1,146011.55,4,278,0,0,0,0,1,0,0,0.28238326298279054,28,Low,Routine Engagement
15794414,507,1,46,6,92783.68,1,1,1,51424.29,2,322,0,1,0,0,0,0,0,0.2351514667524315,24,Low,Routine Engagement
15798824,671,1,38,0,92674.94,2,1,0,3647.57,4,759,0,1,0,0,1,0,0,0.09403053176013898,9,Low,Routine Engagement
15695339,517,1,53,0,109172.88,1,1,0,54676.1,4,547,1,0,1,0,0,1,1,0.7650465370613732,77,High,Personalized Offer
15715715,799,1,38,2,0.0,2,1,1,59297.34,1,780,0,1,0,0,0,0,0,0.03403106693458049,3,Low,Routine Engagement
15619083,502,0,35,6,0.0,2,1,1,80618.47,5,808,0,0,0,1,0,0,0,0.039875777709917355,4,Low,Routine Engagement
15788483,719,1,38,0,0.0,1,1,0,126876.47,1,954,0,1,0,0,1,0,0,0.1539743172938385,15,Low,Routine Engagement
15779738,534,1,24,1,0.0,1,1,1,169653.32,4,867,0,0,1,0,0,0,0,0.1123137755126527,11,Low,Routine Engagement
15607713,850,0,29,1,0.0,2,1,1,197996.65,3,534,0,1,0,0,0,0,0,0.05296357123906528,5,Low,Routine Engagement
15565714,601,1,47,1,64430.06,2,0,1,96517.97,5,308,0,0,0,0,1,0,0,0.2167797432247876,22,Low,Routine Engagement
15632143,652,1,31,2,119148.55,1,0,0,149740.22,1,718,0,0,0,1,0,0,0,0.11194353723826898,11,Low,Routine Engagement
15632051,550,0,42,10,128707.31,1,1,0,63092.65,4,337,1,0,0,1,0,1,0,0.38333831371729393,38,Medium,Monitor
15615140,791,1,36,6,111168.97,1,1,1,189969.91,1,741,0,0,0,0,0,0,0,0.07819151290778562,8,Low,Routine Engagement
15664523,696,0,31,8,122021.92,2,1,0,33828.64,3,896,1,0,0,0,1,0,0,0.13985606145364213,14,Low,Routine Engagement
15706021,665,0,34,1,96645.54,2,0,0,171413.66,3,798,0,0,0,0,0,0,0,0.09749399886742903,10,Low,Routine Engagement
15805690,694,0,35,7,0.0,1,1,0,133570.43,4,296,0,1,0,0,1,1,0,0.2291427053623231,23,Low,Routine Engagement
15732610,745,0,28,6,0.0,2,1,0,154389.18,4,649,0,0,0,0,1,0,0,0.05875516580982624,6,Low,Routine Engagement
15714567,568,0,26,6,0.0,2,0,0,166495.2,5,634,0,1,0,0,1,0,0,0.06766090735144233,7,Low,Routine Engagement
15714355,775,1,32,8,121669.23,1,0,1,125898.39,3,541,1,0,0,0,1,0,0,0.1790814250275033,18,Low,Routine Engagement
15737605,531,0,45,1,126495.57,2,1,1,164741.5,2,242,0,1,1,0,0,0,0,0.2795481984887789,28,Low,Routine Engagement
15701768,637,1,32,3,0.0,2,1,1,197827.06,5,704,0,0,0,0,1,0,0,0.03788111333747117,4,Low,Routine Engagement
15674573,713,0,25,4,121172.97,1,1,1,56268.98,3,993,0,0,1,0,0,0,0,0.08695284586973948,9,Low,Routine Engagement
15759387,598,1,38,1,101487.18,1,1,1,75959.1,1,468,1,0,0,0,1,1,0,0.2293525240191884,23,Low,Routine Engagement
15675431,563,0,34,6,0.0,2,0,0,36536.93,1,256,0,0,1,0,0,0,0,0.06290735903253471,6,Low,Routine Engagement
15786539,808,1,32,1,0.0,2,1,1,46200.71,4,870,0,0,1,0,0,0,0,0.02852261210573897,3,Low,Routine Engagement
15811690,793,1,54,2,128966.13,1,0,0,18633.4,5,835,1,0,0,0,1,1,1,0.7350889897166111,74,High,Personalized Offer
15774536,607,0,32,6,0.0,2,0,0,196062.01,2,952,0,0,0,0,1,0,0,0.07183847467130397,7,Low,Routine Engagement
15699507,542,0,25,7,0.0,2,0,1,82393.08,3,266,0,0,0,1,0,0,0,0.0490683026102319,5,Low,Routine Engagement
15623450,637,0,27,7,135842.89,1,1,1,101418.05,3,483,1,0,0,0,0,0,0,0.1886012025489788,19,Low,Routine Engagement
15791191,633,1,59,2,103996.74,1,1,1,103159.11,4,678,0,0,0,1,0,0,0,0.2514245092421232,25,Low,Routine Engagement
15811343,644,1,35,5,161591.11,3,1,1,63795.62,4,712,1,0,0,1,0,0,1,0.6707870352970601,67,High,Personalized Offer
15799128,608,0,38,9,102406.76,1,0,1,57600.66,3,516,0,1,0,0,1,0,0,0.11378112421147826,11,Low,Routine Engagement
15768455,679,1,60,8,0.0,2,1,1,51380.9,4,797,0,0,0,0,1,0,0,0.09111493158768887,9,Low,Routine Engagement
15610446,714,0,51,4,88308.87,3,0,0,5862.53,3,738,0,0,1,0,0,1,1,0.8248394873301764,82,High,Immediate Retention Call
15667215,678,1,31,2,0.0,2,1,1,58803.28,1,888,0,0,0,0,0,0,0,0.03044965614050404,3,Low,Routine Engagement
15720687,576,0,41,4,112609.91,1,0,0,191035.18,4,660,0,0,0,0,1,1,0,0.2344115414963629,23,Low,Routine Engagement
15642099,679,1,39,6,0.0,2,1,0,12266.06,2,702,0,1,1,0,0,0,0,0.05333302877297077,5,Low,Routine Engagement
15792916,559,0,40,7,144470.77,1,1,1,18917.95,3,255,0,1,0,0,1,0,0,0.15934261700115587,16,Low,Routine Engagement
15778752,708,1,32,10,86614.06,2,1,1,172129.26,4,330,0,0,0,1,0,0,0,0.04636622435099146,5,Low,Routine Engagement
15727857,635,1,41,1,0.0,2,1,0,175611.5,2,796,0,1,1,0,0,0,0,0.0618612694810258,6,Low,Routine Engagement
15593499,686,0,47,6,0.0,1,1,0,32080.69,3,510,0,1,0,1,0,1,1,0.6060103139312677,61,High,Personalized Offer
15747534,595,1,46,10,0.0,1,1,0,73489.15,4,273,0,0,0,0,1,1,0,0.4594512088904963,46,Medium,Monitor
15672610,567,1,40,4,118628.8,1,0,0,91973.63,1,892,0,1,0,1,0,0,0,0.15635617854044942,16,Low,Routine Engagement
15742229,583,1,59,7,127450.14,1,0,1,67552.71,2,992,0,0,1,0,0,0,0,0.24092007666000723,24,Low,Routine Engagement
15581968,745,0,33,1,0.0,2,1,1,174431.01,1,552,0,0,0,0,0,0,0,0.05607045034025812,6,Low,Routine Engagement
15697034,583,0,22,2,0.0,2,0,1,5985.36,5,307,0,1,0,0,0,0,0,0.05864251906539639,6,Low,Routine Engagement
15624186,813,0,25,5,123616.43,1,0,1,132959.33,1,562,1,0,1,0,0,0,0,0.23012477745001067,23,Low,Routine Engagement
15702806,696,1,24,9,0.0,1,0,0,10883.52,3,916,0,1,0,0,1,0,0,0.1484209883677155,15,Low,Routine Engagement
15786200,564,1,31,4,0.0,2,1,0,53520.03,4,363,0,0,0,1,0,0,0,0.04251283038379653,4,Low,Routine Engagement
15604832,633,1,29,7,0.0,1,1,1,130224.73,4,660,0,0,0,0,0,0,0,0.1013119855720153,10,Low,Routine Engagement
15612193,762,1,29,10,115545.33,2,1,0,148256.43,3,931,0,1,0,1,0,0,0,0.08216565913490644,8,Low,Routine Engagement
15795079,596,1,67,6,0.0,2,1,1,138350.74,3,727,0,1,0,1,0,0,0,0.06410955233323752,6,Low,Routine Engagement
15581479,523,1,30,1,83181.29,1,1,1,138176.78,4,246,0,0,0,0,1,0,0,0.09246944645412832,9,Low,Routine Engagement
15716728,513,0,42,10,0.0,2,0,1,73151.25,5,809,0,1,0,0,0,0,0,0.10834610255013341,11,Low,Routine Engagement
15693322,635,0,37,9,146748.07,1,0,1,11407.58,1,219,1,0,0,0,1,0,0,0.27101359206483766,27,Low,Routine Engagement
15748552,464,1,37,4,155994.15,1,0,0,143665.44,4,772,1,0,0,1,0,0,0,0.1931235306687603,19,Low,Routine Engagement
15775293,680,1,34,3,143292.95,1,1,0,66526.01,1,694,0,0,0,0,1,0,0,0.12500323570993876,13,Low,Routine Engagement
15677062,666,0,38,6,127043.09,1,1,1,8247.0,3,965,0,0,0,0,0,0,0,0.1275789329770153,13,Low,Routine Engagement
15746490,648,0,53,6,111201.41,1,1,1,121542.29,4,715,0,1,0,1,0,0,0,0.2890866347159188,29,Low,Routine Engagement
15751336,630,1,30,3,0.0,2,0,1,10486.69,5,274,0,1,0,1,0,0,0,0.03709893199795403,4,Low,Routine Engagement
15585580,796,0,52,9,167194.36,1,1,1,62808.93,3,424,1,0,0,1,0,1,0,0.4426976045227308,44,Medium,Monitor
15591279,734,1,37,3,80387.81,1,0,1,77272.62,5,350,0,0,0,0,1,0,0,0.087575275324102,9,Low,Routine Engagement
15568849,540,0,31,10,118158.74,1,1,1,158027.57,4,645,0,1,0,0,1,0,0,0.11639523357389135,12,Low,Routine Engagement
15713853,732,1,42,9,108748.08,2,1,1,65323.11,1,932,1,0,0,0,0,0,0,0.15130825930084485,15,Low,Routine Engagement
15668958,521,1,30,2,107316.09,1,1,0,64299.82,2,945,0,0,0,0,1,0,0,0.12364016399568102,12,Low,Routine Engagement
15645511,727,1,43,2,97403.18,1,1,1,107415.02,1,612,0,1,1,0,0,1,0,0.1790997540571791,18,Low,Routine Engagement
15584704,519,1,48,10,71083.98,1,1,0,137959.0,2,824,0,0,0,0,1,0,1,0.5014000901846005,50,Medium,Monitor
15799479,809,1,33,9,0.0,1,1,1,124045.65,5,452,0,1,1,0,0,0,0,0.10739119184495262,11,Low,Routine Engagement
15588928,704,1,47,5,0.0,2,1,1,145338.61,4,308,0,0,1,0,0,0,0,0.10900246729346943,11,Low,Routine Engagement
15708357,649,0,38,8,0.0,1,1,0,103760.53,2,858,0,1,0,0,1,0,0,0.19753841424612467,20,Low,Routine Engagement
15584091,742,0,36,2,129748.54,2,0,0,47271.61,3,914,1,0,1,0,0,1,0,0.14161535713975348,14,Low,Routine Engagement
15613623,640,1,62,3,0.0,1,1,1,101663.47,3,395,0,1,1,0,0,0,0,0.2759686924146425,28,Low,Routine Engagement
15812470,719,1,61,5,0.0,2,0,1,29132.43,4,293,0,0,0,0,0,0,0,0.13056879512986044,13,Low,Routine Engagement
15753549,669,1,25,1,157848.53,1,0,0,37543.93,3,354,0,0,1,0,0,1,0,0.11079125253611476,11,Low,Routine Engagement
15653696,515,0,28,9,0.0,2,0,0,94141.75,3,772,0,0,0,1,0,0,0,0.060182794066009036,6,Low,Routine Engagement
15752097,708,1,38,8,99640.89,1,1,0,12429.22,2,412,0,1,0,0,0,0,0,0.14466849619576272,14,Low,Routine Engagement
15715047,640,1,43,9,172478.15,1,1,0,191084.4,4,844,0,1,0,0,0,1,0,0.30970545668457927,31,Medium,Monitor
15802220,599,1,35,6,137102.65,1,0,0,76870.81,1,620,0,1,0,0,1,0,0,0.12262600949065355,12,Low,Routine Engagement
15705899,597,1,35,0,127510.99,1,1,1,155356.34,4,868,0,1,0,0,1,0,0,0.07651579128609087,8,Low,Routine Engagement
15720338,592,1,55,8,85845.43,2,1,1,128918.42,2,564,0,1,0,1,0,0,0,0.1662385431251809,17,Low,Routine Engagement
15724223,545,0,55,5,0.0,1,0,0,10034.77,5,524,0,0,0,0,0,1,1,0.6947184347502031,69,High,Personalized Offer
15678201,548,0,46,1,0.0,1,1,1,104469.06,4,842,0,0,0,0,1,1,0,0.3450129900924216,35,Medium,Monitor
15709511,622,1,43,8,0.0,2,1,0,100618.17,2,650,0,0,1,0,0,0,0,0.0997776819761412,10,Low,Routine Engagement
15604158,554,0,39,10,0.0,2,1,1,18391.93,2,565,0,0,0,0,0,0,0,0.09652856557508123,10,Low,Routine Engagement
15579583,641,0,40,4,101090.27,1,1,1,51703.09,5,447,0,1,1,0,0,0,0,0.14699033590974478,15,Low,Routine Engagement
15788367,487,1,44,6,61691.45,1,1,1,53087.98,1,936,0,1,0,0,1,0,0,0.1927414480335372,19,Low,Routine Engagement
15802809,660,0,36,0,84438.57,1,1,1,181449.51,4,699,0,1,0,0,0,0,0,0.13760112818547526,14,Low,Routine Engagement
15677105,706,0,46,4,105214.58,1,1,0,108699.59,3,635,1,0,0,1,0,1,1,0.7163489308566409,72,High,Personalized Offer
15681509,679,0,28,9,0.0,2,0,1,61761.77,3,293,0,1,1,0,0,0,0,0.04911538702544637,5,Low,Routine Engagement
15638003,648,1,55,1,81370.07,1,0,1,181534.04,4,564,0,1,0,1,0,0,0,0.24996815767900887,25,Low,Routine Engagement
15794868,599,1,40,10,137456.28,2,1,1,14113.11,2,623,1,0,0,0,1,0,0,0.13999469793093827,14,Low,Routine Engagement
15694125,669,1,57,5,0.0,2,1,1,56875.76,1,860,0,0,1,0,0,0,0,0.09060024493194564,9,Low,Routine Engagement
15803378,850,1,44,8,0.0,2,1,1,183617.32,1,783,0,1,1,0,0,0,0,0.07884949410574994,8,Low,Routine Engagement
15691817,547,0,44,5,0.0,3,0,0,5459.07,1,471,0,1,0,0,0,1,1,0.6756215282044965,68,High,Personalized Offer
15736730,634,0,45,2,0.0,1,1,1,143458.31,3,863,0,0,0,0,0,0,0,0.33268793123339274,33,Medium,Monitor
15600708,640,0,34,3,77826.8,1,1,1,168544.85,4,329,0,1,0,0,0,0,0,0.11434661946239175,11,Low,Routine Engagement
15638513,723,0,40,7,142856.95,2,0,0,38019.74,5,522,0,0,0,1,0,0,0,0.13580499904103324,14,Low,Routine Engagement
15568469,653,1,43,0,0.0,2,1,0,27862.58,2,901,0,0,0,0,1,0,0,0.10247103165349619,10,Low,Routine Engagement
15594898,731,1,43,2,0.0,1,1,1,170034.95,2,777,0,0,0,0,0,1,0,0.22736419375400513,23,Low,Routine Engagement
15652999,742,1,33,1,137937.95,1,1,1,51387.1,4,954,1,0,0,0,1,0,0,0.17001831315710592,17,Low,Routine Engagement
15573112,602,1,29,5,103907.28,1,1,0,161229.84,2,861,0,1,0,0,1,0,0,0.1200721577258181,12,Low,Routine Engagement
15781702,733,1,38,9,111347.37,2,0,1,194872.97,2,260,1,0,1,0,0,0,0,0.1454103345364658,15,Low,Routine Engagement
15665222,625,1,52,8,121161.57,1,1,0,48988.28,3,275,0,1,0,0,0,0,1,0.588076389975216,59,Medium,Monitor
15737310,633,1,29,10,130206.28,1,1,0,184654.87,5,957,0,0,1,0,0,0,0,0.1176665599575416,12,Low,Routine Engagement
15711446,569,0,51,3,0.0,3,1,0,75084.96,2,411,0,1,0,0,1,1,1,0.7672955871380897,77,High,Personalized Offer
15790379,629,1,28,8,108601.0,1,1,1,119647.7,1,756,1,0,1,0,0,0,0,0.18602339660763417,19,Low,Routine Engagement
15659710,581,1,25,5,77886.53,2,1,0,150319.49,4,243,0,0,0,1,0,0,0,0.06699595455922291,7,Low,Routine Engagement
15786392,765,1,41,4,124182.21,1,0,0,100153.43,1,318,0,0,0,0,1,0,0,0.17734683648208246,18,Low,Routine Engagement
15777054,584,1,42,3,137479.13,1,1,0,25669.1,3,534,1,0,0,1,0,0,0,0.34949746979227875,35,Medium,Monitor
15588350,744,0,43,10,147832.15,1,0,1,24234.11,3,982,0,0,0,0,1,0,0,0.23662633240359668,24,Low,Routine Engagement
15632280,544,0,53,9,0.0,1,1,0,125692.07,4,364,0,1,0,0,0,1,1,0.7062938386058647,71,High,Personalized Offer
15621644,678,1,83,6,123356.63,1,0,1,92934.41,4,753,1,0,0,0,0,0,0,0.3060342382929785,31,Medium,Monitor
15614420,531,0,32,0,109570.21,2,1,1,172049.84,3,584,1,0,1,0,0,0,0,0.14163201222018101,14,Low,Routine Engagement
15697127,543,0,31,2,147674.26,1,1,1,16658.76,3,985,0,0,0,0,0,0,0,0.08798249755110868,9,Low,Routine Engagement
15632899,662,1,20,9,104508.77,2,0,0,73107.53,5,944,0,1,0,0,0,0,0,0.07360983885068484,7,Low,Routine Engagement
15687218,674,0,27,4,79144.34,1,0,1,50743.83,1,720,0,0,0,1,0,0,0,0.09721966097395938,10,Low,Routine Engagement
15608230,667,1,23,1,0.0,2,1,0,91573.19,3,474,0,0,0,0,1,0,0,0.040388660503008635,4,Low,Routine Engagement
15805151,565,1,31,2,89558.39,2,1,1,4441.54,3,772,1,0,0,0,1,0,0,0.06371028545363595,6,Low,Routine Engagement
15578809,651,1,40,1,134760.21,2,0,0,174434.06,4,741,1,0,0,0,1,1,0,0.19007037856254227,19,Low,Routine Engagement
15667944,679,1,39,0,86843.61,1,0,1,159830.58,5,1000,0,0,0,1,0,0,0,0.11449511602214571,11,Low,Routine Engagement
15800434,811,1,52,10,76915.4,1,0,0,146359.81,2,488,1,0,1,0,0,1,1,0.6399095078896289,64,High,Personalized Offer
15714466,846,0,41,5,0.0,3,1,0,3440.47,1,994,0,0,1,0,0,1,1,0.5718075817992897,57,Medium,Monitor
15743714,468,1,46,7,91443.75,1,1,0,10958.18,1,748,0,0,1,0,0,0,0,0.43794320306754614,44,Medium,Monitor
15658693,827,0,60,2,0.0,2,0,1,60615.83,3,750,0,0,0,0,0,0,0,0.14904460344906897,15,Low,Routine Engagement
15573851,735,0,38,1,0.0,3,0,0,92220.12,5,678,0,0,0,0,1,1,1,0.5189905400526407,52,Medium,Monitor
15592761,710,1,40,5,0.0,2,0,0,162878.96,2,219,0,0,0,0,0,0,0,0.10399755758816755,10,Low,Routine Engagement
15620836,816,0,34,2,108410.87,2,1,0,102908.91,4,555,1,0,0,1,0,0,0,0.1508779162395727,15,Low,Routine Engagement
15804017,631,0,33,4,123246.7,1,0,0,112687.57,3,662,1,0,0,0,1,0,0,0.28056536136742755,28,Low,Routine Engagement
15631813,621,1,39,6,0.0,2,1,1,58883.91,1,502,0,0,0,0,1,0,0,0.03629236771846284,4,Low,Routine Engagement
15653110,694,1,42,8,133767.19,1,1,0,36405.21,1,241,0,0,0,0,0,0,0,0.19689807177880791,20,Low,Routine Engagement
15648069,850,0,36,6,0.0,2,1,1,190194.95,1,978,0,0,1,0,0,0,0,0.06279627714020504,6,Low,Routine Engagement
15646817,769,1,51,9,156773.78,2,1,0,40257.79,4,401,0,0,0,1,0,0,0,0.46500798962179096,47,Medium,Monitor
15707974,815,0,38,2,48387.0,1,1,0,184796.84,3,243,0,1,0,0,0,0,0,0.24644178057167473,25,Low,Routine Engagement
15758510,474,1,26,6,0.0,2,0,0,152491.22,3,316,0,0,0,1,0,0,0,0.06076458886789733,6,Low,Routine Engagement
15657306,567,0,47,2,0.0,1,0,0,110900.43,5,545,0,0,0,0,0,1,1,0.5664360400675919,57,Medium,Monitor
15608726,663,1,24,7,0.0,2,1,1,166310.82,4,943,0,0,0,1,0,0,0,0.026658981052755187,3,Low,Routine Engagement
15712199,655,0,61,2,183997.7,2,1,1,161217.18,5,382,1,0,0,1,0,0,0,0.3281053189195945,33,Medium,Monitor
15798888,605,0,31,1,117992.59,1,1,1,183598.77,2,496,1,0,0,0,1,0,0,0.24554996900145232,25,Low,Routine Engagement
15700801,850,1,42,6,84445.68,3,0,1,60021.34,1,411,1,0,0,0,0,1,1,0.6654275779076894,67,High,Personalized Offer
15715142,739,1,45,7,102703.62,1,0,1,147802.94,3,827,1,0,0,0,1,1,1,0.5176520352617504,52,Medium,Monitor
15615797,743,1,59,5,108585.35,1,1,1,192127.22,5,431,1,0,0,0,1,1,0,0.4520520495850265,45,Medium,Monitor
15615575,722,1,34,8,0.0,2,1,1,133447.49,1,523,0,0,0,0,0,0,0,0.028060421684483396,3,Low,Routine Engagement
15684722,490,1,34,5,122952.9,2,0,0,154360.97,4,957,0,0,1,0,0,0,0,0.08088768178560043,8,Low,Routine Engagement
15755018,568,0,26,10,109819.16,2,1,0,154491.39,2,865,1,0,0,0,1,0,0,0.14203962585028704,14,Low,Routine Engagement
15700424,461,0,35,5,0.0,1,1,1,54209.02,2,710,0,0,1,0,0,0,0,0.13233811807801085,13,Low,Routine Engagement
15661734,608,1,42,8,131390.75,2,1,0,71178.09,1,246,1,0,0,0,1,0,0,0.2227659318560125,22,Low,Routine Engagement
15598751,556,0,43,6,0.0,3,0,0,125154.57,4,877,0,0,1,0,0,1,1,0.6731471746081401,67,High,Personalized Offer
15634896,521,0,39,6,0.0,2,0,1,27375.15,5,843,0,0,1,0,0,0,0,0.07749968450692889,8,Low,Routine Engagement
15637979,664,0,36,2,127160.78,2,1,0,78140.75,5,705,1,0,1,0,0,0,0,0.1491276714018351,15,Low,Routine Engagement
15750728,586,0,42,2,0.0,1,1,0,102889.34,3,338,0,1,0,1,0,0,0,0.32795346154770927,33,Medium,Monitor
15640409,817,0,46,0,89087.89,1,0,1,87941.85,1,788,1,0,0,0,1,1,1,0.5064387455888485,51,Medium,Monitor
15771059,756,0,34,2,148200.72,1,0,0,194584.48,3,851,1,0,0,0,1,0,0,0.25218670859393316,25,Low,Routine Engagement
15764033,693,0,43,1,121927.92,1,1,0,87994.95,4,572,1,0,1,0,0,1,1,0.543638341726617,54,Medium,Monitor
15800583,621,0,43,8,0.0,1,0,0,102806.6,1,590,0,1,0,0,0,0,0,0.36064140538716993,36,Medium,Monitor
15607133,717,0,49,1,110864.38,2,1,1,124532.9,1,845,0,1,0,1,0,1,0,0.23570158747506675,24,Low,Routine Engagement
15585865,673,0,38,2,170061.92,2,0,0,134901.34,5,954,0,0,0,1,0,1,0,0.16370527412438368,16,Low,Routine Engagement
15677921,720,1,60,9,115920.62,2,0,0,157552.08,1,274,1,0,0,1,0,1,1,0.6347434524162173,63,High,Personalized Offer
15723153,708,1,33,3,0.0,2,1,0,138613.21,5,729,0,1,0,0,0,0,0,0.036165955513207754,4,Low,Routine Engagement
15656822,568,1,43,5,87612.64,4,1,1,107155.4,4,934,1,0,0,0,1,1,1,0.7717008005087307,77,High,Personalized Offer
15790497,503,1,37,6,0.0,2,0,0,136506.86,3,717,0,1,0,0,1,0,0,0.04923957826459744,5,Low,Routine Engagement
15581871,504,1,42,7,131287.36,2,1,1,149697.78,4,809,1,0,1,0,0,0,0,0.1487023398287117,15,Low,Routine Engagement
15701333,646,0,37,7,96558.66,1,0,0,163427.18,3,493,0,0,0,1,0,0,0,0.16364715415131822,16,Low,Routine Engagement
15692664,677,0,58,1,90022.85,1,0,1,2988.28,4,355,0,0,1,0,0,0,0,0.36156045388066177,36,Medium,Monitor
15594556,619,1,52,8,0.0,2,1,1,123242.11,1,239,0,1,0,1,0,0,0,0.12464242859034651,12,Low,Routine Engagement
15647572,504,1,34,0,54980.81,1,1,1,136909.88,1,475,0,1,0,1,0,0,0,0.10443999718375553,10,Low,Routine Engagement
15592707,531,0,64,2,175754.87,2,1,1,60721.4,1,887,1,0,0,0,0,0,0,0.26527708487654444,27,Low,Routine Engagement
15659366,807,1,43,1,105799.32,2,1,0,34888.04,4,924,0,0,0,0,0,1,0,0.1652248660810397,17,Low,Routine Engagement
15574213,789,0,53,1,158271.74,1,1,1,5036.39,1,296,0,0,0,0,1,1,0,0.3758040062870067,38,Medium,Monitor
15750299,746,1,24,10,68781.82,1,0,1,47997.39,1,282,0,1,0,0,1,0,0,0.09585785436369312,10,Low,Routine Engagement
15810075,648,0,39,6,130694.89,2,1,1,153955.38,2,912,0,0,0,0,0,1,0,0.1109434524419973,11,Low,Routine Engagement
15570908,687,0,29,7,93617.07,1,0,1,113050.92,2,856,0,1,0,1,0,0,0,0.0879637107357618,9,Low,Routine Engagement
15763218,661,0,41,1,0.0,2,0,1,131300.68,1,671,0,0,0,1,0,0,0,0.0843853836467678,8,Low,Routine Engagement
15630913,476,0,69,1,105303.73,1,0,1,134260.34,5,563,0,1,0,0,0,0,0,0.23705065246108578,24,Low,Routine Engagement
15779809,655,1,44,8,87471.63,1,0,1,188593.98,4,712,0,0,0,0,1,0,0,0.2096760043451312,21,Low,Routine Engagement
15596011,529,1,34,9,0.0,1,1,1,93208.22,3,562,0,1,0,0,0,0,0,0.10630801212730369,11,Low,Routine Engagement
15577695,678,1,41,2,148088.11,1,1,0,14083.12,1,243,0,0,0,0,1,0,0,0.1994998026942102,20,Low,Routine Engagement
15609510,669,1,45,7,149364.58,1,0,1,173454.07,5,263,0,0,0,0,1,0,0,0.25369877910673094,25,Low,Routine Engagement
15730759,561,0,27,9,135637.0,1,1,0,153080.4,2,567,0,0,0,0,1,1,0,0.14297205033008817,14,Low,Routine Engagement
15572728,704,1,36,8,127397.34,1,1,0,151335.24,1,555,0,1,0,0,0,0,0,0.12212581373595695,12,Low,Routine Engagement
15580068,526,1,35,5,0.0,2,1,1,105618.14,3,557,0,1,0,1,0,0,0,0.02792720349164097,3,Low,Routine Engagement
15713479,656,1,35,6,0.0,2,1,0,1485.27,2,631,0,0,0,0,1,0,0,0.04850293884285196,5,Low,Routine Engagement
15805463,682,1,32,2,105163.88,2,1,1,164170.46,3,799,1,0,0,0,0,0,0,0.07099536682123203,7,Low,Routine Engagement
15729956,726,0,26,1,80780.16,1,1,1,19225.85,2,457,0,1,0,0,1,0,0,0.09746723113753568,10,Low,Routine Engagement
15743617,713,1,47,1,95994.98,1,1,0,197529.23,5,757,1,0,1,0,0,0,1,0.6768219619068554,68,High,Personalized Offer
15713483,793,1,52,2,0.0,1,1,0,159123.82,5,883,0,1,1,0,0,1,1,0.6839646096367179,68,High,Personalized Offer
15647207,609,1,26,7,0.0,2,1,0,98463.99,3,817,0,0,0,0,1,0,0,0.04293806491736403,4,Low,Routine Engagement
15805303,661,1,44,1,141136.62,1,1,0,189742.78,2,362,1,0,0,0,0,1,1,0.5420679084523374,54,Medium,Monitor
15733973,850,0,42,8,0.0,1,1,0,19632.64,5,366,0,0,0,0,0,1,0,0.31106824109158954,31,Medium,Monitor
15797381,593,0,48,3,133903.12,2,1,1,85902.39,5,593,1,0,0,1,0,1,0,0.3351616970579861,34,Medium,Monitor
15648030,731,0,33,5,137388.01,2,1,0,165000.68,3,935,0,1,0,1,0,0,0,0.10472382217531168,10,Low,Routine Engagement
15581840,626,1,33,8,0.0,2,1,0,138504.28,4,331,0,0,0,1,0,0,0,0.03958159209016991,4,Low,Routine Engagement
15597385,573,1,41,5,0.0,2,0,1,14479.29,3,508,0,1,1,0,0,0,0,0.04312783764778263,4,Low,Routine Engagement
15641122,684,1,30,2,0.0,2,1,0,83473.82,4,699,0,0,0,0,0,0,0,0.03927091424426364,4,Low,Routine Engagement
15794472,553,0,27,3,0.0,2,0,0,159800.16,5,300,0,0,1,0,0,0,0,0.062030193845758655,6,Low,Routine Engagement
15661526,815,1,37,2,110777.26,2,1,0,2383.59,3,623,1,0,1,0,0,0,0,0.17697707256005868,18,Low,Routine Engagement
15762821,721,1,33,5,0.0,2,0,1,117626.9,1,300,0,1,0,0,1,0,0,0.0252847977055916,3,Low,Routine Engagement
15650545,849,1,69,7,71996.09,1,1,1,139065.94,2,317,0,0,1,0,0,0,0,0.13444601287254615,13,Low,Routine Engagement
15614215,717,1,53,6,0.0,2,0,1,97614.87,2,477,0,0,0,0,0,0,0,0.10774706128280269,11,Low,Routine Engagement
15645269,583,0,42,4,0.0,2,1,0,17439.66,5,322,0,0,0,0,0,0,0,0.10684944112018427,11,Low,Routine Engagement
15617065,650,1,42,4,194532.66,1,1,0,171045.31,3,824,0,1,0,1,0,1,0,0.3114337920134703,31,Medium,Monitor
15655339,566,1,36,1,142120.91,1,1,0,79616.37,5,542,0,0,1,0,0,0,0,0.1206308858138663,12,Low,Routine Engagement
15679249,351,0,57,4,163146.46,1,1,0,169621.69,4,453,1,0,0,0,1,1,1,0.7375478847193984,74,High,Personalized Offer
15809838,697,1,30,1,0.0,2,0,0,735.79,5,470,0,1,0,0,1,0,0,0.057104985063332794,6,Low,Routine Engagement
15691004,407,1,37,1,0.0,1,1,1,49161.12,1,900,0,1,1,0,0,1,0,0.22993527409996403,23,Low,Routine Engagement
15667458,764,1,28,10,124023.18,1,1,0,166188.28,1,508,1,0,0,0,1,0,0,0.2655178113087957,27,Low,Routine Engagement
15757895,569,1,30,6,106629.49,1,0,1,44114.88,4,644,1,0,1,0,0,0,0,0.16535774002806597,17,Low,Routine Engagement
15727361,547,0,51,1,0.0,2,1,1,56908.41,2,868,0,0,0,0,1,0,0,0.16781329491909244,17,Low,Routine Engagement
15683930,593,0,32,9,134096.53,2,1,0,53931.05,3,620,1,0,0,0,0,1,0,0.11943297749018565,12,Low,Routine Engagement
15664734,673,0,25,3,108244.82,2,1,1,103573.96,1,284,1,0,0,0,1,0,0,0.12567563546092722,13,Low,Routine Engagement
15610781,702,0,29,10,88378.6,1,1,0,88550.28,3,596,0,0,0,1,0,0,0,0.14403128944364124,14,Low,Routine Engagement
15688563,694,1,31,4,141989.27,2,1,0,26116.82,4,753,1,0,0,1,0,0,0,0.1139940975413714,11,Low,Routine Engagement
15585280,649,0,36,2,0.0,2,0,1,75035.48,3,984,0,0,0,0,1,0,0,0.05584299760793554,6,Low,Routine Engagement
15579131,835,1,25,7,0.0,2,1,1,83449.65,3,343,0,0,0,0,1,0,0,0.026223354185435158,3,Low,Routine Engagement
15584338,714,0,40,0,0.0,2,1,0,62762.12,1,970,0,0,0,0,1,0,0,0.1012616989798503,10,Low,Routine Engagement
15644132,724,0,30,9,142475.87,1,1,1,107848.24,3,399,0,0,0,0,1,0,0,0.09834298478196218,10,Low,Routine Engagement
15807473,503,1,38,1,0.0,2,1,1,95153.24,2,433,0,0,0,0,0,0,0,0.045927195026939316,5,Low,Routine Engagement
15605279,792,1,50,9,0.0,4,1,1,194700.81,4,369,0,0,0,0,0,1,1,0.6828160587080627,68,High,Personalized Offer
15774510,714,0,31,4,125169.26,1,1,1,106636.89,3,669,0,0,0,1,0,0,0,0.08860355169578948,9,Low,Routine Engagement
15668283,642,1,48,9,118317.27,4,0,0,78702.98,1,912,0,0,0,0,0,1,1,0.8122435708804957,81,High,Immediate Retention Call
15701074,629,1,35,8,112330.83,1,1,1,91001.02,3,556,1,0,1,0,0,0,0,0.16992176958459296,17,Low,Routine Engagement
15716023,693,1,31,1,0.0,2,0,1,182270.88,1,304,0,0,0,0,1,0,0,0.03312214824151149,3,Low,Routine Engagement
15721715,769,0,40,9,133871.05,1,1,1,50568.02,4,887,0,0,0,1,0,0,0,0.16192341689984943,16,Low,Routine Engagement
15583552,674,1,44,3,88902.21,1,1,0,73731.32,3,729,1,0,0,0,1,0,1,0.5037280095520572,50,Medium,Monitor
15589017,547,1,55,4,111362.76,3,1,0,16922.28,1,579,1,0,0,0,0,1,1,0.8918146754752304,89,High,Immediate Retention Call
15597945,636,0,32,8,0.0,2,1,0,138555.46,2,336,0,1,0,0,0,0,0,0.05977100418775397,6,Low,Routine Engagement
15700511,708,1,42,9,176702.36,2,1,1,104804.74,1,942,1,0,0,0,1,0,0,0.11925528192619246,12,Low,Routine Engagement
15659092,621,0,50,5,0.0,2,1,0,191756.54,5,344,0,0,0,0,0,1,0,0.31611693338112984,32,Medium,Monitor
15601045,655,1,37,8,163708.58,2,0,0,76259.23,2,959,0,1,0,0,1,0,0,0.11849273708741391,12,Low,Routine Engagement
15757897,766,0,26,3,104258.8,1,1,1,428.23,5,392,0,0,0,0,1,0,0,0.10681648486765141,11,Low,Routine Engagement
15566594,709,1,23,10,0.0,2,0,0,129590.18,2,246,0,1,0,0,1,0,0,0.052579219820692726,5,Low,Routine Engagement
15731463,818,1,43,10,105301.5,1,1,1,78941.59,4,412,1,0,0,0,0,0,0,0.40326052049700173,40,Medium,Monitor
15804950,514,0,41,7,0.0,2,1,1,3756.65,3,697,0,0,0,0,1,0,0,0.07504487134127903,8,Low,Routine Engagement
15592089,788,0,43,10,0.0,2,1,1,116111.51,4,797,0,0,0,0,0,0,0,0.11694968392421382,12,Low,Routine Engagement
15609254,513,0,41,9,107135.04,2,1,1,160546.58,1,576,0,1,0,0,0,0,0,0.15262826571034038,15,Low,Routine Engagement
15740868,658,0,45,9,134562.8,1,1,1,159268.67,5,528,1,0,0,0,0,0,1,0.5286130332400475,53,Medium,Monitor
15716608,651,1,38,2,0.0,3,1,0,67029.82,2,431,0,1,0,1,0,1,1,0.518897185919322,52,Medium,Monitor
15778526,719,0,48,5,0.0,2,0,0,78563.66,4,922,0,1,1,0,0,0,0,0.2737397370739659,27,Low,Routine Engagement
15793803,574,1,34,1,112572.39,1,0,0,165626.6,3,788,0,0,1,0,0,0,0,0.11006175956500497,11,Low,Routine Engagement
15672027,717,0,33,10,102185.42,2,1,0,23231.93,3,390,1,0,1,0,0,0,0,0.13060524276983151,13,Low,Routine Engagement
15652658,721,1,36,1,155176.83,2,1,1,49653.37,5,667,0,0,0,0,1,0,0,0.05728694276415795,6,Low,Routine Engagement
15727556,744,0,26,5,166297.89,1,1,1,181694.44,1,526,0,1,0,1,0,0,0,0.13432626937485367,13,Low,Routine Engagement
15573798,448,0,36,6,83947.12,2,1,0,81999.53,4,524,0,0,0,0,1,0,0,0.1029442718151593,10,Low,Routine Engagement
15702669,663,1,44,2,117028.6,2,0,1,144680.18,4,919,1,0,0,0,0,0,0,0.26975436133844993,27,Low,Routine Engagement
15628600,807,0,31,1,141069.18,3,1,1,194257.11,4,374,1,0,0,0,0,0,1,0.6433672296821014,64,High,Personalized Offer
15745030,809,1,41,1,79706.25,2,1,0,165675.01,5,464,1,0,0,0,0,0,0,0.1460979982099478,15,Low,Routine Engagement
15752809,702,1,43,6,116121.67,1,1,0,61602.42,2,488,0,1,0,0,0,0,0,0.2518909876101124,25,Low,Routine Engagement
15737977,527,0,25,6,0.0,2,0,1,96758.58,3,430,0,0,0,0,1,0,0,0.04182343923790783,4,Low,Routine Engagement
15664204,706,1,29,2,0.0,2,1,1,18255.51,1,868,0,1,0,0,1,0,0,0.03315082438179126,3,Low,Routine Engagement
15665158,813,1,27,1,137275.36,1,0,1,115733.16,2,799,0,1,0,1,0,0,0,0.06176295842336168,6,Low,Routine Engagement
15771856,632,0,32,1,0.0,2,1,0,19525.65,1,523,0,1,1,0,0,0,0,0.057780226006074846,6,Low,Routine Engagement
15814846,691,1,52,3,0.0,1,1,0,175843.68,3,660,0,0,0,0,1,1,1,0.7066155766434363,71,High,Personalized Offer
15632816,521,0,49,2,127948.57,1,1,1,182765.14,2,596,1,0,1,0,0,0,1,0.5615493141885757,56,Medium,Monitor
15811290,680,1,44,0,129974.79,2,1,1,33391.38,5,741,1,0,0,1,0,0,0,0.28253891775120127,28,Low,Routine Engagement
15808851,511,0,75,9,105609.17,1,0,1,105425.18,4,567,1,0,0,0,0,0,0,0.3771234872512272,38,Medium,Monitor
15688085,627,0,28,3,157597.61,1,0,1,34097.22,3,768,0,1,0,1,0,0,0,0.10386034787299372,10,Low,Routine Engagement
15718839,850,0,38,2,102741.15,2,0,1,23974.85,4,264,1,0,0,0,1,0,0,0.16762508823676245,17,Low,Routine Engagement
15576126,649,0,41,2,125785.23,1,1,1,70523.92,4,880,0,0,0,1,0,0,0,0.1590119891355279,16,Low,Routine Engagement
15679743,607,0,33,8,91301.72,1,0,1,130824.57,5,480,0,0,0,0,0,0,0,0.11089103224376794,11,Low,Routine Engagement
15713347,577,1,48,6,179852.26,1,1,0,193580.32,2,782,0,1,1,0,0,0,1,0.5017858690072916,50,Medium,Monitor
15687491,817,1,45,9,101207.75,1,0,0,88211.12,2,847,1,0,0,0,1,1,1,0.6150515008930053,62,High,Personalized Offer
15768219,850,1,36,0,0.0,2,1,0,141242.57,3,863,0,1,0,0,1,0,0,0.06897905668736021,7,Low,Routine Engagement
15572390,850,0,39,6,0.0,2,1,0,103921.43,3,491,0,1,1,0,0,0,0,0.07798363845752218,8,Low,Routine Engagement
15606641,762,1,56,10,100260.88,3,1,1,77142.42,1,721,1,0,0,0,0,1,1,0.8128106997378799,81,High,Immediate Retention Call
15599433,660,1,35,8,58641.43,1,0,1,198674.08,5,815,1,0,0,1,0,0,0,0.1600202355447409,16,Low,Routine Engagement
15647965,477,0,57,9,114023.64,2,1,1,71167.17,3,523,0,0,1,0,0,1,0,0.2615614524709914,26,Low,Routine Engagement
15775153,630,1,32,4,82034.0,1,0,0,146326.45,5,708,0,1,1,0,0,0,0,0.11436002867778113,11,Low,Routine Engagement
15610433,573,1,35,9,0.0,2,1,0,11743.89,4,253,0,0,0,0,0,0,0,0.05582165151983989,6,Low,Routine Engagement
15624820,683,1,56,7,50911.21,3,0,0,97629.31,2,655,0,1,0,0,0,1,1,0.800209980060611,80,High,Immediate Retention Call
15571284,756,1,32,0,109528.16,2,1,1,56176.31,3,516,1,0,1,0,0,0,0,0.100684523293905,10,Low,Routine Engagement
15802351,755,0,33,6,90560.3,2,1,1,42607.69,4,578,1,0,0,0,0,0,0,0.07197915557921913,7,Low,Routine Engagement
15696506,604,1,27,9,101352.78,1,0,0,30252.3,2,799,0,1,0,0,0,0,0,0.11847107358985523,12,Low,Routine Engagement
15678571,723,1,21,4,0.0,2,0,0,24847.02,1,823,0,0,0,0,1,0,0,0.037380789730014914,4,Low,Routine Engagement
15782311,529,1,28,9,0.0,2,1,1,52545.24,2,572,0,0,1,0,0,0,0,0.030248046087469577,3,Low,Routine Engagement
15601659,496,0,59,7,91680.1,2,1,0,163141.18,4,609,1,0,1,0,0,1,1,0.5824031808095075,58,Medium,Monitor
15801218,675,1,49,8,135133.39,1,0,1,179521.24,4,229,0,0,1,0,0,1,0,0.2514511823237748,25,Low,Routine Engagement
15769959,597,0,53,4,88381.21,1,1,0,69384.71,3,369,0,0,1,0,0,1,1,0.6329891310050584,63,High,Personalized Offer
15757829,609,0,40,10,137389.77,2,1,0,170122.22,1,988,1,0,1,0,0,0,0,0.23463207799316152,23,Low,Routine Engagement
15570289,697,1,43,8,103409.16,1,1,0,66893.28,2,593,1,0,1,0,0,1,1,0.5015643307474762,50,Medium,Monitor
15748854,723,0,28,5,91938.31,1,1,0,143481.85,1,500,1,0,1,0,0,0,0,0.2161289977040922,22,Low,Routine Engagement
15576304,698,1,29,5,95167.55,1,1,1,152723.23,1,415,0,0,0,0,0,0,0,0.0670339111564836,7,Low,Routine Engagement
15744398,525,0,23,5,0.0,2,1,0,160249.1,1,225,0,0,0,1,0,0,0,0.09540733984105647,10,Low,Routine Engagement
15775826,677,1,30,1,78133.15,1,0,1,174225.88,5,926,0,0,0,1,0,0,0,0.07101501014906937,7,Low,Routine Engagement
15684645,704,1,41,9,62078.21,2,1,0,129050.67,3,981,1,0,0,1,0,0,0,0.15827779031648445,16,Low,Routine Engagement
15690678,530,0,33,4,129307.32,1,1,1,172930.28,5,741,0,0,0,1,0,0,0,0.10415504263820231,10,Low,Routine Engagement
15712303,692,1,66,4,159732.02,1,1,1,118188.15,4,273,0,0,1,0,0,0,0,0.13001763833363994,13,Low,Routine Engagement
15772363,772,0,42,0,101979.16,1,1,0,90928.48,4,612,1,0,1,0,0,0,0,0.36047712627251494,36,Medium,Monitor
15748327,724,1,34,6,118235.7,2,0,0,157137.23,5,618,1,0,0,0,0,0,0,0.13003062803191176,13,Low,Routine Engagement
15768006,729,1,34,3,152303.8,1,1,0,12128.69,2,980,0,0,0,1,0,0,0,0.12487414565831223,12,Low,Routine Engagement
15766172,541,1,34,3,128743.55,1,1,0,134851.12,3,430,0,0,0,0,0,0,0,0.11844125703743841,12,Low,Routine Engagement
15647266,651,0,45,10,135923.16,1,1,0,18732.84,3,500,0,1,1,0,0,0,0,0.42379412593475235,42,Medium,Monitor
15679642,695,1,44,8,0.0,2,1,1,70974.13,2,544,0,1,0,0,0,0,0,0.07019913390618245,7,Low,Routine Engagement
15638871,639,1,77,6,80926.02,2,1,1,55829.25,5,291,0,0,1,0,0,0,0,0.10243850793606057,10,Low,Routine Engagement
15736420,596,1,21,4,210433.08,2,0,1,197297.77,5,896,0,0,0,0,0,1,0,0.1334406812697259,13,Low,Routine Engagement
15570931,620,1,61,5,0.0,1,0,0,31641.52,3,586,0,0,1,0,0,1,1,0.6771022960621913,68,High,Personalized Offer
15671172,623,1,23,1,106012.2,2,0,1,191415.94,2,919,0,0,1,0,0,0,0,0.045274140778520176,5,Low,Routine Engagement
15801336,649,0,37,8,114737.26,1,1,1,106655.88,1,381,1,0,0,0,0,1,0,0.28633629622128326,29,Low,Routine Engagement
15709653,497,1,32,8,0.0,2,1,0,67364.42,3,418,0,0,1,0,0,0,0,0.042312649973933636,4,Low,Routine Engagement
15763895,536,1,32,7,178011.5,2,1,0,22375.14,4,454,0,0,1,0,0,0,0,0.1474191387099245,15,Low,Routine Engagement
15711977,695,1,36,4,161533.0,1,1,0,100940.91,2,749,0,0,1,0,0,0,0,0.12465920858246428,12,Low,Routine Engagement
15642655,731,1,33,1,0.0,1,1,0,130726.96,1,462,0,1,1,0,0,0,0,0.1593662836473451,16,Low,Routine Engagement
15684198,551,0,38,10,0.0,2,1,1,216.27,2,912,0,0,0,0,1,0,0,0.09728406819567244,10,Low,Routine Engagement
15741865,810,0,38,9,153166.17,1,1,1,93261.69,2,474,0,0,0,0,0,0,0,0.12265633811932071,12,Low,Routine Engagement
15707861,520,0,46,10,85216.61,1,1,0,117369.52,1,669,0,0,1,0,0,1,0,0.4981509683137012,50,Medium,Monitor
15617476,546,0,30,5,0.0,2,0,1,198543.09,4,808,0,0,0,0,0,0,0,0.06057080153990771,6,Low,Routine Engagement
15773972,614,1,50,4,137104.47,1,1,0,127166.49,1,958,0,0,0,0,0,1,0,0.4967250064071109,50,Medium,Monitor
15721740,633,1,50,7,88302.65,1,1,1,195937.16,4,382,1,0,0,0,0,0,0,0.4131486087199332,41,Medium,Monitor
15611029,488,0,33,4,140002.35,1,1,0,123613.81,1,935,1,0,1,0,0,0,0,0.26233942281092043,26,Low,Routine Engagement
15734987,658,0,43,7,140260.36,2,1,0,2748.72,4,643,0,0,0,0,0,0,0,0.18938874988863585,19,Low,Routine Engagement
15792660,614,1,38,2,116248.88,1,1,0,105140.92,3,762,0,0,0,0,0,0,0,0.14078427390703135,14,Low,Routine Engagement
15728474,558,1,32,4,108235.91,1,1,1,143783.28,4,801,1,0,0,0,0,0,0,0.15525120057853564,16,Low,Routine Engagement
15593178,568,0,36,10,153610.61,1,1,1,54083.8,2,244,0,1,0,0,1,1,0,0.11603289380181653,12,Low,Routine Engagement
15738448,480,0,25,3,174330.35,2,0,0,181647.13,1,425,1,0,0,0,0,0,0,0.12515358140757882,13,Low,Routine Engagement
15782418,589,0,19,9,83495.11,1,1,1,143022.31,4,747,1,0,1,0,0,1,0,0.11165614910199295,11,Low,Routine Engagement
15591724,560,0,44,5,143244.97,1,1,0,98661.27,5,768,0,0,0,0,0,0,0,0.3347854591073159,33,Medium,Monitor
15740846,556,1,40,5,125909.85,1,1,1,95124.4,4,280,0,0,0,0,1,0,0,0.12685373019501045,13,Low,Routine Engagement
15786196,555,0,44,3,105770.7,3,1,0,60533.96,4,902,0,0,0,0,0,1,1,0.8119675017397172,81,High,Immediate Retention Call
15710456,607,0,27,2,0.0,2,1,0,63495.86,3,377,0,0,0,0,0,0,0,0.05759916435364433,6,Low,Routine Engagement
15584114,678,0,43,2,153393.18,2,1,1,193828.27,1,274,1,0,1,0,0,0,0,0.25411060449619216,25,Low,Routine Engagement
15678058,584,1,38,9,104584.16,1,1,0,176678.72,4,565,0,0,1,0,0,0,0,0.14655363704940624,15,Low,Routine Engagement
15588535,750,0,39,6,0.0,2,0,0,19264.33,5,940,0,1,0,1,0,0,0,0.08461262518939465,8,Low,Routine Engagement
15798850,576,1,32,7,0.0,2,1,0,4660.91,5,722,0,0,0,1,0,0,0,0.04043678432547931,4,Low,Routine Engagement
15775662,760,1,43,8,121911.59,1,1,0,193312.33,3,224,0,0,0,0,1,0,0,0.2659186533527463,27,Low,Routine Engagement
15654878,450,1,29,7,117199.8,1,1,1,43480.63,2,483,0,0,1,0,0,0,0,0.07276152043801157,7,Low,Routine Engagement
15645136,744,1,30,1,128065.12,1,1,0,121525.48,2,607,0,1,0,1,0,0,0,0.12006736686294517,12,Low,Routine Engagement
15594340,569,1,41,4,120243.49,1,1,0,163150.03,5,399,0,0,0,1,0,1,0,0.19188298402828205,19,Low,Routine Engagement
15634949,593,1,74,5,161434.36,2,1,1,65532.17,5,264,1,0,0,1,0,0,0,0.1905712955063315,19,Low,Routine Engagement
15610416,745,0,36,9,0.0,1,1,0,19605.18,1,961,0,0,0,0,1,1,0,0.20602213033724642,21,Low,Routine Engagement
15620103,660,0,40,8,167181.01,1,1,1,185156.94,2,736,0,0,0,0,0,0,0,0.18862732747072586,19,Low,Routine Engagement
15664737,779,0,38,7,0.0,2,1,1,138542.87,4,433,0,1,1,0,0,0,0,0.05018432492689669,5,Low,Routine Engagement
15569249,576,0,55,6,44582.07,3,0,1,67539.85,3,619,0,0,1,0,0,1,1,0.7326608473530313,73,High,Personalized Offer
15755863,630,0,49,1,0.0,2,0,1,162858.29,3,998,0,1,1,0,0,0,0,0.2030362732934015,20,Low,Routine Engagement
15695168,625,1,39,2,0.0,2,1,0,100403.05,3,452,0,0,0,1,0,0,0,0.056740326862070825,6,Low,Routine Engagement
15809847,668,1,46,0,0.0,2,0,0,29388.02,1,419,0,0,0,1,0,0,0,0.16398233131200382,16,Low,Routine Engagement
15624471,850,1,37,6,0.0,2,1,0,109291.22,1,740,0,0,0,0,0,0,0,0.05693699956254536,6,Low,Routine Engagement
15742681,554,1,26,4,121365.39,1,1,1,8742.36,5,926,1,0,0,0,0,0,0,0.16359241348630071,16,Low,Routine Engagement
15691808,656,1,43,7,134919.85,1,1,0,194691.95,1,421,0,0,0,0,0,0,0,0.2843428224104695,28,Low,Routine Engagement
15812720,807,1,37,10,130110.45,2,0,1,172097.95,4,539,1,0,0,0,0,0,0,0.1086787328362967,11,Low,Routine Engagement
15738546,530,0,41,4,0.0,2,0,1,147606.71,2,955,0,1,0,0,0,0,0,0.0923452839835215,9,Low,Routine Engagement
15662908,795,1,38,7,125903.22,2,1,1,127068.92,5,912,1,0,1,0,0,0,0,0.10260559280238649,10,Low,Routine Engagement
15578788,786,1,40,6,0.0,2,0,0,41248.8,5,326,0,1,0,1,0,0,0,0.06903295654542199,7,Low,Routine Engagement
15748995,691,1,30,9,0.0,2,0,1,10963.04,1,269,0,1,0,1,0,0,0,0.03400627898566403,3,Low,Routine Engagement
15607753,606,0,23,10,70417.79,1,0,1,90896.04,4,437,0,1,0,0,0,0,0,0.11832926050654845,12,Low,Routine Engagement
15599078,619,0,41,5,92467.58,1,1,0,38270.47,3,569,1,0,1,0,0,0,0,0.3160842035804667,32,Medium,Monitor
15724154,625,0,49,4,128504.76,1,1,0,126812.63,2,583,1,0,0,0,1,1,1,0.7333900169085525,73,High,Personalized Offer
15773512,627,0,25,4,0.0,1,1,1,194313.93,5,992,0,1,0,0,1,0,0,0.1452339516742286,15,Low,Routine Engagement
15661249,699,1,53,4,0.0,2,0,1,111307.98,1,513,0,0,0,1,0,0,0,0.1135354878801614,11,Low,Routine Engagement
15663441,700,0,40,4,148571.07,1,1,0,189826.96,2,266,1,0,0,0,1,1,0,0.28139124001343807,28,Low,Routine Engagement
15640627,611,1,34,4,0.0,2,1,0,170950.58,4,911,0,1,0,0,0,0,0,0.0392169356290632,4,Low,Routine Engagement
15640161,618,1,44,5,157955.83,2,0,0,139297.71,5,668,1,0,1,0,0,0,0,0.3050130043663751,31,Medium,Monitor
15653937,638,0,53,1,123916.67,1,1,0,16657.68,3,639,1,0,0,0,0,1,1,0.7953557459942708,80,High,Immediate Retention Call
15775761,610,0,69,5,86038.21,3,0,0,192743.06,1,613,1,0,0,0,0,1,1,0.796280795952638,80,High,Immediate Retention Call
15724623,704,0,24,7,113034.22,1,1,0,162503.48,2,801,1,0,0,1,0,1,0,0.27517660260822274,28,Low,Routine Engagement
15786739,669,1,37,1,125529.55,1,1,1,162260.93,5,720,0,0,0,1,0,0,0,0.07348641874592264,7,Low,Routine Engagement
15776229,682,1,44,3,115282.3,1,0,0,23766.4,1,588,0,0,0,1,0,0,0,0.29668835077605926,30,Low,Monitor
15733872,791,0,33,10,130229.71,2,0,0,54019.93,1,414,1,0,0,1,0,1,0,0.136246072552943,14,Low,Routine Engagement
15641110,708,1,41,0,0.0,1,1,0,128400.62,5,315,0,0,1,0,0,0,0,0.22944207158261118,23,Low,Routine Engagement
15711789,768,0,42,3,0.0,1,0,0,161242.99,1,651,0,1,0,0,1,1,0,0.32503506255889403,33,Medium,Monitor
15592229,713,0,52,0,185891.54,1,1,1,46369.57,4,544,0,0,0,1,0,1,0,0.3773130921148978,38,Medium,Monitor
15692291,563,0,42,6,99056.22,2,1,0,154347.95,4,670,0,1,0,0,1,1,0,0.18090910212185635,18,Low,Routine Engagement
15737814,622,1,41,2,127087.06,1,1,0,102402.91,2,675,0,0,1,0,0,1,0,0.17327308507714453,17,Low,Routine Engagement
15813144,554,0,26,7,92606.86,2,1,0,192709.69,3,675,0,0,0,0,1,0,0,0.1006234204934319,10,Low,Routine Engagement
15668323,678,0,41,1,143443.61,1,1,0,196622.28,4,407,0,0,0,1,0,1,0,0.21652173784471884,22,Low,Routine Engagement
15594815,807,1,35,3,174790.15,1,1,1,600.36,3,861,0,0,0,0,1,0,0,0.09423903766158435,9,Low,Routine Engagement
15804919,670,0,65,1,0.0,1,1,1,177655.68,2,915,0,1,1,0,0,1,0,0.1988624515049942,20,Low,Routine Engagement
15762392,683,1,30,1,113257.2,1,1,1,65035.02,2,263,0,1,1,0,0,0,0,0.08165567265495186,8,Low,Routine Engagement
15701281,511,1,27,8,0.0,2,1,1,49089.36,2,865,0,0,0,0,1,0,0,0.02667892304683866,3,Low,Routine Engagement
15813645,491,0,36,0,53369.13,1,1,1,103934.12,1,540,0,0,1,0,0,0,0,0.13949194384264332,14,Low,Routine Engagement
15722532,690,0,36,10,91760.11,1,1,1,135784.94,2,443,0,1,0,1,0,0,0,0.11200512199057475,11,Low,Routine Engagement
15714920,585,1,44,7,163867.86,1,1,1,112333.22,1,473,1,0,0,1,0,0,0,0.3675932906135153,37,Medium,Monitor
15761525,727,0,31,10,96997.09,2,0,0,76614.04,2,550,0,1,0,0,0,0,0,0.09757841739802312,10,Low,Routine Engagement
15766166,604,1,43,2,145081.72,1,1,1,23881.62,2,852,0,1,0,0,0,0,0,0.17915431597979062,18,Low,Routine Engagement
15627517,497,1,27,7,149400.27,1,0,0,167522.19,4,423,0,1,1,0,0,0,0,0.11690328843092294,12,Low,Routine Engagement
15752838,723,1,38,6,0.0,2,1,1,94415.6,2,500,0,1,0,1,0,0,0,0.03192411250852251,3,Low,Routine Engagement
15785920,687,1,35,1,125141.24,2,1,1,148537.07,3,299,1,0,0,0,1,0,0,0.09097361665817198,9,Low,Routine Engagement
15799815,656,0,23,4,163549.63,1,0,1,21085.12,4,514,1,0,0,0,0,0,0,0.15715063301989543,16,Low,Routine Engagement
15768295,778,0,34,7,109564.1,1,0,1,113046.81,2,758,0,0,0,1,0,0,0,0.10258794433617693,10,Low,Routine Engagement
15704378,655,1,37,9,121342.24,1,1,1,180241.44,1,299,1,0,0,0,1,0,0,0.27393296107934545,27,Low,Routine Engagement
15600879,554,0,36,3,157780.93,2,1,0,6089.13,3,530,1,0,0,0,0,0,0,0.12632808710229768,13,Low,Routine Engagement
15625740,627,1,62,3,143426.34,2,1,1,143104.3,4,875,1,0,0,0,0,0,0,0.23071118343913888,23,Low,Routine Engagement
15720123,554,1,37,3,0.0,2,1,0,166177.3,1,612,0,1,1,0,0,0,0,0.044563497509481895,4,Low,Routine Engagement
15731330,652,0,40,7,100471.34,1,1,1,124550.88,3,840,0,1,1,0,0,0,0,0.15161963908159842,15,Low,Routine Engagement
15658169,778,0,47,6,127299.34,2,1,0,124694.99,2,859,0,1,1,0,0,0,0,0.4191751087426164,42,Medium,Monitor
15595067,637,0,40,6,0.0,2,1,1,181610.6,3,230,0,1,0,1,0,0,0,0.10344832872340583,10,Low,Routine Engagement
15760521,796,0,50,1,94164.0,1,1,1,189414.74,2,971,0,0,0,0,0,0,0,0.32859500977518885,33,Medium,Monitor
15698716,620,0,70,3,87926.24,2,1,0,33350.26,3,909,0,0,0,0,1,1,0,0.4991491655736883,50,Medium,Monitor
15739194,548,1,38,0,178056.54,2,1,0,38434.73,5,427,0,1,0,0,1,0,0,0.1756078731079145,18,Low,Routine Engagement
15731148,558,1,33,0,108477.49,1,1,1,109096.71,2,729,0,0,0,0,1,1,0,0.0707922382833218,7,Low,Routine Engagement
15651581,758,1,68,6,112595.85,1,1,0,35865.44,4,843,1,0,1,0,0,1,1,0.6016436564803934,60,High,Personalized Offer
15704583,651,1,56,2,0.0,1,1,0,114522.68,4,327,0,0,1,0,0,1,1,0.689076820121868,69,High,Personalized Offer
15599272,795,0,36,1,151844.64,1,1,1,135388.89,3,605,0,0,0,0,1,0,0,0.10825260524734386,11,Low,Routine Engagement
15716800,582,1,31,2,0.0,2,1,1,33747.03,4,413,0,0,1,0,0,0,0,0.028953975070947637,3,Low,Routine Engagement
15677939,584,0,41,3,0.0,2,1,1,160095.48,4,796,0,0,0,0,1,0,0,0.08576365866924338,9,Low,Routine Engagement
15671148,490,1,33,5,96341.0,2,0,0,108313.34,1,707,1,0,0,0,0,0,0,0.09419944288301568,9,Low,Routine Engagement
15742369,667,1,31,5,0.0,2,1,1,20346.69,4,823,0,1,0,1,0,0,0,0.03242575768400454,3,Low,Routine Engagement
15665077,598,0,43,5,0.0,3,1,1,100722.72,1,858,0,0,0,0,1,1,1,0.6699725098163596,67,High,Personalized Offer
15750056,702,0,29,6,149218.39,1,1,1,9633.01,3,739,0,0,0,0,0,0,0,0.09727853971672616,10,Low,Routine Engagement
15743570,481,0,34,5,0.0,2,1,1,125253.46,4,848,0,0,0,1,0,0,0,0.041585898218454494,4,Low,Routine Engagement
15786167,649,1,20,5,0.0,2,1,1,58309.54,5,496,0,1,0,1,0,0,0,0.03136319359608841,3,Low,Routine Engagement
15566139,526,0,37,5,53573.18,1,1,0,62830.97,4,870,0,0,1,0,0,0,0,0.18829461829895916,19,Low,Routine Engagement
15567246,684,1,32,3,102630.13,2,1,1,127433.47,2,684,1,0,0,0,0,0,0,0.06720885000640425,7,Low,Routine Engagement
15751227,807,1,47,1,95120.59,1,0,0,127875.1,3,468,0,0,0,1,0,0,1,0.5006770768283104,50,Medium,Monitor
15577423,627,0,39,5,124586.93,1,1,0,93132.61,2,265,1,0,0,0,0,1,0,0.3350235142304263,34,Medium,Monitor
15700383,763,0,35,7,115651.6,2,1,1,104706.29,4,231,0,0,0,0,0,0,0,0.09531901274670901,10,Low,Routine Engagement
15736990,537,1,28,3,157842.07,1,1,0,86911.49,3,348,0,0,1,0,0,0,0,0.12155296142524075,12,Low,Routine Engagement
15685536,552,0,34,5,0.0,2,1,1,1351.41,3,712,0,0,0,0,1,0,0,0.05135051028971664,5,Low,Routine Engagement
15581551,850,1,41,8,132838.07,1,1,1,175347.28,4,751,0,1,0,0,0,0,0,0.09948397007407969,10,Low,Routine Engagement
15600792,613,1,29,0,0.0,2,0,1,133897.32,5,291,0,1,0,0,1,0,0,0.058756066708834244,6,Low,Routine Engagement
15692235,750,0,38,1,0.0,2,1,0,47764.99,4,740,0,0,1,0,0,0,0,0.07258506336800304,7,Low,Routine Engagement
15756848,633,1,42,10,0.0,1,0,1,79408.17,2,660,0,1,0,0,1,0,0,0.1395035906680618,14,Low,Routine Engagement
15689344,615,1,42,4,0.0,3,0,1,120321.09,5,757,0,1,0,1,0,0,1,0.5783850366265416,58,Medium,Monitor
15743976,618,1,41,8,37702.79,1,1,1,195775.48,5,615,1,0,1,0,0,0,0,0.21093811058577416,21,Low,Routine Engagement
15631451,604,0,28,6,0.0,2,1,1,69056.26,4,634,0,1,0,0,1,0,0,0.0374376321998294,4,Low,Routine Engagement
15613140,565,1,34,6,0.0,1,1,1,63173.64,5,244,0,0,1,0,0,0,0,0.12520902201867612,13,Low,Routine Engagement
15646535,578,1,46,5,113226.47,1,1,0,56770.76,4,916,0,0,0,1,0,0,0,0.4221258543019247,42,Medium,Monitor
15661433,519,1,34,5,0.0,1,1,0,68479.6,2,668,0,0,0,1,0,0,0,0.1619321773244508,16,Low,Routine Engagement
15677052,589,0,59,2,0.0,2,1,1,126160.24,4,292,0,0,0,0,1,1,0,0.1850197569562766,19,Low,Routine Engagement
15576263,759,0,22,5,0.0,1,1,0,22303.17,1,758,0,0,0,0,0,0,0,0.18032590190435716,18,Low,Routine Engagement
15613097,605,0,33,4,0.0,2,0,1,83700.66,3,550,0,0,0,0,0,0,0,0.047888194908324244,5,Low,Routine Engagement
15796370,604,1,40,5,155455.43,1,0,1,113581.85,4,742,0,1,1,0,0,0,0,0.11167817648037394,11,Low,Routine Engagement
15780628,633,0,30,6,0.0,2,0,0,41642.29,2,565,0,0,0,0,0,0,0,0.06028518603818922,6,Low,Routine Engagement
15626474,686,0,31,1,0.0,2,1,0,4802.25,2,522,0,0,0,1,0,0,0,0.060782100369082964,6,Low,Routine Engagement
15585892,639,0,35,8,0.0,1,0,0,164453.98,4,535,0,0,0,1,0,0,0,0.1918898445834995,19,Low,Routine Engagement
15672826,666,0,32,10,112536.57,2,1,1,34350.54,3,281,0,0,0,0,1,0,0,0.08517436191270088,9,Low,Routine Engagement
15739438,539,1,30,0,0.0,2,1,0,160979.66,4,231,0,0,0,0,0,0,0,0.05573651080474533,6,Low,Routine Engagement
15704987,649,0,52,8,49113.75,1,1,0,41858.43,1,673,0,0,0,0,1,0,1,0.6842789570166229,68,High,Personalized Offer
15748532,828,1,42,10,0.0,1,1,1,186071.14,1,526,0,1,0,1,0,0,0,0.13992501058776052,14,Low,Routine Engagement
15761886,740,1,36,4,172381.8,1,1,1,86480.29,3,444,0,0,1,0,0,0,0,0.08546023139571027,9,Low,Routine Engagement
15661903,699,0,43,3,80764.03,1,1,0,199378.58,3,490,0,0,0,1,0,1,0,0.3245742439135098,32,Medium,Monitor
15626044,762,1,28,3,125155.83,2,1,1,106024.02,2,414,1,0,1,0,0,0,0,0.07642769438788817,8,Low,Routine Engagement
15746726,438,1,31,8,78398.69,1,1,0,44937.01,4,809,1,0,0,1,0,0,0,0.1899113251133019,19,Low,Routine Engagement
15572735,433,1,27,2,0.0,2,1,1,153698.65,2,415,0,1,0,0,0,0,0,0.05052125365395879,5,Low,Routine Engagement
15644621,597,0,40,9,106756.01,2,1,0,151167.94,3,701,1,0,0,1,0,0,0,0.20152487904449695,20,Low,Routine Engagement
15607269,492,0,49,2,151249.45,2,1,1,167237.94,4,543,1,0,1,0,0,0,0,0.360966516945074,36,Medium,Monitor
15650244,786,1,29,7,80895.44,2,1,0,64945.57,1,841,0,1,0,0,0,0,0,0.06322010424390984,6,Low,Routine Engagement
15631339,791,1,28,4,0.0,1,1,0,174435.48,2,397,0,0,0,1,0,0,0,0.1696225476649679,17,Low,Routine Engagement
15640491,464,0,33,10,147493.7,2,1,0,100447.53,4,801,0,0,0,0,0,0,0,0.1177232628125767,12,Low,Routine Engagement
15769389,709,0,39,9,124723.92,1,1,0,73641.86,2,526,1,0,0,0,1,0,0,0.35949728266830894,36,Medium,Monitor
15715769,621,1,26,2,75237.54,1,0,1,44220.4,4,459,0,0,0,0,1,0,0,0.07370612287054173,7,Low,Routine Engagement
15756118,661,1,20,8,0.0,1,1,0,110252.53,3,330,0,1,1,0,0,0,0,0.1682722119113918,17,Low,Routine Engagement
15707110,660,1,28,2,170890.05,2,1,0,41758.9,3,558,1,0,0,0,0,0,0,0.0888082076194879,9,Low,Routine Engagement
15789095,775,1,30,4,0.0,2,0,1,57461.13,5,368,0,1,0,1,0,0,0,0.027261425427479665,3,Low,Routine Engagement
15753591,438,1,38,2,0.0,2,1,0,136859.55,5,416,0,0,0,0,1,0,0,0.09163251933586566,9,Low,Routine Engagement
15813681,786,1,24,2,120135.55,2,1,1,125449.47,3,625,1,0,0,1,0,0,0,0.0751682448464221,8,Low,Routine Engagement
15673238,517,0,59,8,154110.99,2,1,0,101240.08,1,872,1,0,0,0,0,1,1,0.5433943135940037,54,Medium,Monitor
15769980,705,0,40,3,92889.91,1,1,1,109496.69,1,451,1,0,0,1,0,0,0,0.26195001280387076,26,Low,Routine Engagement
15782569,687,0,72,9,0.0,1,0,1,69829.4,5,258,0,0,1,0,0,0,0,0.25817696082186187,26,Low,Routine Engagement
15734610,543,1,42,4,89838.71,3,1,0,85983.54,3,660,0,0,0,0,0,1,1,0.7567432765544728,76,High,Personalized Offer
15697283,578,1,23,8,0.0,2,1,0,112124.98,3,240,0,1,0,0,0,0,0,0.049628665112289735,5,Low,Routine Engagement
15653572,673,1,43,8,127132.96,1,0,1,6009.27,2,831,0,1,0,0,1,1,0,0.18244094345078182,18,Low,Routine Engagement
15583394,659,1,39,8,106259.63,2,1,1,198103.32,3,296,1,0,0,1,0,0,0,0.1283899147670691,13,Low,Routine Engagement
15602844,717,1,38,7,97459.06,1,0,0,189175.71,2,676,0,0,0,1,0,0,0,0.15144768912905993,15,Low,Routine Engagement
15599126,529,0,43,0,123815.86,1,1,1,78463.99,5,703,0,0,0,0,0,1,0,0.2595994241010976,26,Low,Routine Engagement
15768124,648,0,34,3,0.0,1,1,0,54726.43,1,525,0,0,0,1,0,0,0,0.18787887695106142,19,Low,Routine Engagement
15596800,779,1,33,1,158456.76,1,1,1,197000.92,5,274,1,0,0,1,0,1,0,0.17887782193527207,18,Low,Routine Engagement
15582149,850,0,34,3,129668.43,2,1,1,88743.99,5,468,1,0,0,0,1,0,0,0.10763914815502912,11,Low,Routine Engagement
15704284,736,1,57,9,95295.39,1,1,0,28434.44,1,888,1,0,0,0,1,1,1,0.6989493519302447,70,High,Personalized Offer
15807961,619,1,25,4,0.0,1,1,0,145524.36,4,629,0,0,0,0,0,0,0,0.15222026201240196,15,Low,Routine Engagement
15716518,617,0,27,4,0.0,2,0,0,190269.21,3,342,0,0,0,1,0,0,0,0.0676548300290253,7,Low,Routine Engagement
15589437,466,1,26,3,156815.71,1,1,1,137476.09,2,349,0,0,1,0,0,0,0,0.07703510613873238,8,Low,Routine Engagement
15633586,595,0,39,7,120962.13,1,0,0,23305.01,3,359,0,0,0,0,0,0,0,0.19057809025991698,19,Low,Routine Engagement
15638989,711,0,25,5,190066.54,1,0,0,51345.39,5,303,0,0,1,0,0,1,0,0.2489201359274377,25,Low,Routine Engagement
15752588,664,1,36,1,0.0,2,1,1,95372.64,4,507,0,0,0,1,0,0,0,0.03510060885424153,4,Low,Routine Engagement
15631848,727,0,26,9,121508.28,1,1,1,146785.44,1,253,0,0,0,1,0,0,0,0.11146459605487542,11,Low,Routine Engagement
15571281,651,1,28,10,79562.98,1,1,1,74687.37,3,251,0,0,0,0,1,0,0,0.08189093702516635,8,Low,Routine Engagement
15812272,693,1,44,5,124601.58,2,1,1,46998.13,2,408,1,0,0,0,1,1,0,0.25673836816429835,26,Low,Routine Engagement
15569438,607,1,36,10,106702.94,2,0,0,198313.69,1,519,1,0,0,0,1,0,0,0.17289505841253233,17,Low,Routine Engagement
15753362,748,1,60,3,0.0,2,1,1,78194.37,1,505,0,1,0,0,0,0,0,0.09636398175805,10,Low,Routine Engagement
15709412,776,1,30,6,0.0,2,0,1,63908.86,2,928,0,1,1,0,0,0,0,0.027310163536780906,3,Low,Routine Engagement
15721507,713,0,32,1,117094.02,1,0,0,149558.83,3,829,0,0,0,1,0,1,0,0.13484013181006888,13,Low,Routine Engagement
15673984,536,0,35,8,0.0,1,1,0,171840.24,1,418,0,0,0,0,1,1,0,0.2149044836068635,21,Low,Routine Engagement
15785488,701,0,39,9,0.0,2,1,1,110043.88,1,693,0,1,1,0,0,0,0,0.06698630391161282,7,Low,Routine Engagement
15775234,646,1,24,8,0.0,2,0,0,92612.88,3,239,0,0,1,0,0,0,0,0.03898651530006768,4,Low,Routine Engagement
15770255,797,0,33,10,83555.58,1,0,0,69767.14,4,513,1,0,0,0,1,0,0,0.20486441225358437,20,Low,Routine Engagement
15669326,658,1,44,2,168396.34,1,1,1,14178.73,2,648,0,0,0,0,1,0,0,0.2327366073113455,23,Low,Routine Engagement
15808182,478,0,36,3,92363.3,2,1,0,44912.7,4,480,0,1,0,0,0,0,0,0.10889688904802691,11,Low,Routine Engagement
15621546,620,0,33,9,127638.35,1,1,1,192717.57,2,466,0,0,0,0,0,0,0,0.12221288890301624,12,Low,Routine Engagement
15748797,636,0,33,0,0.0,1,1,0,92277.47,2,618,0,1,0,0,1,1,0,0.18645659873498754,19,Low,Routine Engagement
15703292,573,1,26,8,86270.93,2,1,1,90177.3,5,430,0,0,1,0,0,0,0,0.04899815196784041,5,Low,Routine Engagement
15814033,759,1,38,1,0.0,2,1,0,20778.39,5,795,0,1,0,0,0,0,0,0.05439825422533381,5,Low,Routine Engagement
15626452,711,1,32,5,0.0,2,1,1,147720.27,2,521,0,1,0,0,0,0,0,0.0236481166010589,2,Low,Routine Engagement
15785358,586,1,46,8,106968.96,1,1,1,79366.98,4,827,1,0,0,1,0,1,1,0.5152289870849116,52,Medium,Monitor
15692750,629,0,45,7,129818.39,3,1,0,9217.55,3,257,1,0,0,1,0,1,1,0.8559260581943081,86,High,Immediate Retention Call
15658852,676,1,38,8,0.0,2,1,1,133692.88,2,864,0,0,0,0,0,0,0,0.03301500667592279,3,Low,Routine Engagement
15589969,850,1,34,6,0.0,1,0,1,52796.31,3,831,0,0,1,0,0,0,0,0.10126153166294183,10,Low,Routine Engagement
15618225,741,1,36,8,116993.43,2,1,0,168816.22,3,612,1,0,0,0,1,0,0,0.1422505382058962,14,Low,Routine Engagement
15792176,698,0,40,0,92053.44,1,1,1,143681.83,4,970,0,1,0,0,0,0,0,0.1777669708630106,18,Low,Routine Engagement
15757408,655,1,38,3,250898.09,3,0,1,81054.0,1,336,0,1,0,0,1,1,1,0.699680025231631,70,High,Personalized Offer
15784736,562,1,45,6,136855.24,1,1,0,46864.0,4,942,0,0,0,0,1,0,0,0.4013653183217474,40,Medium,Monitor
15628008,781,0,29,6,98759.89,1,0,0,112202.64,2,494,0,1,1,0,0,0,0,0.13543168700613295,14,Low,Routine Engagement
15626898,743,1,30,7,77599.23,1,0,0,144407.1,5,682,0,0,1,0,0,0,0,0.11639863541646359,12,Low,Routine Engagement
15722813,470,1,30,4,125385.01,1,1,0,68293.93,1,536,0,1,1,0,0,0,0,0.12234039079461709,12,Low,Routine Engagement
15590094,613,1,38,9,126265.88,2,0,0,15859.95,2,571,1,0,0,0,0,0,0,0.19341985227843383,19,Low,Routine Engagement
15780038,756,1,38,6,119208.85,1,1,0,169763.89,1,257,0,1,0,0,0,1,0,0.14130907567055476,14,Low,Routine Engagement
15635776,686,0,43,5,154846.24,2,1,1,151903.6,5,546,1,0,0,0,0,0,0,0.23208581605225148,23,Low,Routine Engagement
15625426,754,0,55,3,161608.81,1,1,0,8080.85,4,810,1,0,1,0,0,1,1,0.722724750197456,72,High,Personalized Offer
15737778,782,0,41,4,0.0,1,1,0,132943.88,5,480,0,1,0,1,0,0,0,0.2926284841907322,29,Low,Routine Engagement
15642162,603,1,35,1,123407.69,1,1,0,152541.89,2,833,1,0,0,1,0,1,0,0.27312476548537684,27,Low,Routine Engagement
15781495,662,0,22,2,126362.57,2,1,1,97382.8,5,964,0,0,0,0,1,0,0,0.06388300241977132,6,Low,Routine Engagement
15766787,707,0,35,9,0.0,2,1,1,70403.65,2,860,0,0,0,0,1,0,0,0.04653510945943519,5,Low,Routine Engagement
15811594,660,0,28,3,128929.88,1,1,1,198069.71,2,231,0,1,0,0,1,0,0,0.12254230361041688,12,Low,Routine Engagement
15774630,601,0,47,1,142802.02,1,1,1,57553.02,1,712,1,0,0,0,1,0,1,0.5097508544592114,51,Medium,Monitor
15729083,674,1,36,2,154525.7,1,0,1,27468.72,4,945,0,0,0,1,0,0,0,0.08221581480160202,8,Low,Routine Engagement
15658972,699,0,40,8,122038.34,1,1,0,102085.35,4,547,0,0,0,0,0,0,0,0.20743987807088973,21,Low,Routine Engagement
15651020,473,0,25,6,110666.42,2,0,0,46758.42,3,442,0,0,0,0,1,0,0,0.10151932128082417,10,Low,Routine Engagement
15756056,561,0,28,3,0.0,2,1,0,191387.76,1,276,0,1,0,0,0,0,0,0.07337065364597672,7,Low,Routine Engagement
15737521,619,1,40,9,103604.31,2,0,0,140947.05,1,923,1,0,0,0,0,0,0,0.2113449231213342,21,Low,Routine Engagement
15600781,699,1,34,4,185173.81,2,1,0,120834.48,3,429,1,0,0,1,0,0,0,0.09427759337107526,9,Low,Routine Engagement
15723864,828,1,47,1,109876.82,2,1,0,83611.45,3,829,0,1,0,0,1,1,0,0.36303191543212693,36,Medium,Monitor
15711181,589,0,50,4,0.0,2,0,1,182076.97,4,441,0,0,0,1,0,0,0,0.22527886072648623,23,Low,Routine Engagement
15612455,549,1,45,6,124240.93,1,1,1,146372.51,4,385,1,0,0,0,0,0,1,0.5085404663871622,51,Medium,Monitor
15679284,593,0,45,6,79259.75,1,1,0,55347.28,2,255,0,1,1,0,0,0,0,0.43247465176819866,43,Medium,Monitor
15728605,697,1,40,4,0.0,2,0,1,26543.28,4,360,0,0,1,0,0,0,0,0.04041009310727845,4,Low,Routine Engagement
15794276,588,0,64,3,0.0,1,1,1,189703.65,4,286,0,0,0,0,1,0,0,0.29451422145449113,29,Low,Routine Engagement
15703482,710,1,34,9,134260.36,2,1,0,147074.67,5,257,1,0,1,0,0,0,0,0.12875263648809793,13,Low,Routine Engagement
15673837,617,1,61,3,113858.95,1,1,1,38129.22,1,422,0,1,1,0,0,0,0,0.2060984054231636,21,Low,Routine Engagement
15793478,593,0,39,8,151391.68,1,1,0,27274.6,2,246,1,0,0,0,1,1,0,0.2898281487808245,29,Low,Routine Engagement
15765952,769,1,29,4,145471.37,1,1,0,188382.77,3,378,0,0,0,1,0,0,0,0.12217370565666288,12,Low,Routine Engagement
15757306,738,1,49,3,0.0,3,1,1,65066.48,2,460,0,1,0,1,0,1,1,0.6202389500299411,62,High,Personalized Offer
15733777,817,1,44,8,0.0,1,0,0,65501.91,5,681,0,0,0,0,0,1,0,0.3211465559680155,32,Medium,Monitor
15780088,607,1,34,9,132439.99,1,1,0,177747.72,3,768,0,1,0,1,0,0,0,0.11987977562652803,12,Low,Routine Engagement
15572956,683,1,36,5,115350.63,1,1,1,122305.91,5,398,0,0,0,0,0,0,0,0.07251647506161414,7,Low,Routine Engagement
15668009,747,1,37,1,0.0,2,0,1,180551.76,1,988,0,1,0,1,0,0,0,0.05230268399277931,5,Low,Routine Engagement
15627971,504,0,32,8,206663.75,1,0,0,16281.94,1,899,0,0,0,0,1,0,0,0.2525944437748877,25,Low,Routine Engagement
15796343,707,0,31,2,82787.93,2,0,0,91423.69,5,585,0,0,0,1,0,0,0,0.08286656567806344,8,Low,Routine Engagement
15574206,718,0,37,7,0.0,2,1,1,55100.09,5,239,0,0,0,1,0,0,0,0.061509394352826534,6,Low,Routine Engagement
15773260,590,0,32,0,127763.24,1,1,0,100717.54,2,417,0,0,0,0,0,0,0,0.1504065737679638,15,Low,Routine Engagement
15677369,554,0,37,4,58629.97,1,0,0,182038.6,2,606,1,0,0,0,0,0,0,0.22345250611155765,22,Low,Routine Engagement
15764604,586,0,35,7,164769.02,3,1,0,119814.25,3,290,0,0,0,0,1,1,1,0.7723598215088284,77,High,Personalized Offer
15570004,850,1,31,3,0.0,2,1,0,121866.87,1,777,0,0,0,0,1,0,0,0.05310420008262118,5,Low,Routine Engagement
15687171,638,1,34,5,146679.77,1,1,0,102179.86,5,790,0,1,0,0,0,0,0,0.11631007901912616,12,Low,Routine Engagement
15607537,587,1,46,9,107850.82,1,1,0,139431.0,3,744,1,0,0,0,1,1,1,0.6957552137374479,70,High,Personalized Offer
15778005,785,0,39,1,130147.98,1,1,0,163798.41,1,526,0,0,0,0,1,1,0,0.1805459931332612,18,Low,Routine Engagement
15576313,486,0,40,9,71340.09,1,1,0,76192.21,4,530,1,0,0,1,0,0,0,0.2605919177390247,26,Low,Routine Engagement
15602811,730,1,38,0,38848.19,2,0,0,94003.11,5,279,1,0,0,0,1,0,0,0.1301570009798435,13,Low,Routine Engagement
15713632,551,0,48,5,95679.29,1,0,0,94978.1,1,815,0,1,0,0,0,0,1,0.5159561167213645,52,Medium,Monitor
15632050,779,0,41,10,99786.2,1,1,0,86927.53,4,341,0,0,0,0,0,0,0,0.22475661554068765,22,Low,Routine Engagement
15786249,616,1,30,2,0.0,2,1,0,199099.51,2,788,0,1,1,0,0,0,0,0.05191083644550441,5,Low,Routine Engagement
15672357,631,1,38,7,0.0,2,1,0,181605.85,3,290,0,1,0,0,0,0,0,0.06725642623401548,7,Low,Routine Engagement
15761713,678,0,43,7,178074.33,1,0,0,110405.9,3,853,0,0,0,0,0,0,0,0.3825622824806691,38,Medium,Monitor
15758856,597,1,45,7,0.0,2,0,0,167756.45,2,972,0,0,0,1,0,0,0,0.149109921097688,15,Low,Routine Engagement
15788291,713,0,38,7,144606.22,1,1,1,56594.36,1,656,1,0,0,0,1,1,0,0.271897495127919,27,Low,Routine Engagement
15802368,608,0,47,6,0.0,1,1,1,126012.57,5,725,0,0,0,0,1,0,0,0.34744273817864835,35,Medium,Monitor
15679770,611,0,61,3,131583.59,4,0,1,66238.23,3,755,0,0,0,1,0,1,1,0.7859365673747669,79,High,Personalized Offer
15731760,681,1,25,5,0.0,1,0,1,90860.97,4,875,0,0,0,0,0,0,0,0.09492268921326903,9,Low,Routine Engagement
15768451,739,1,40,5,149131.03,3,1,1,60036.99,4,335,1,0,1,0,0,1,1,0.7189957150503621,72,High,Personalized Offer
15758606,738,1,54,4,0.0,1,0,1,55725.04,4,444,0,0,0,1,0,1,0,0.31291299874665524,31,Medium,Monitor
15579189,690,0,42,5,0.0,2,0,1,120512.08,4,915,0,0,0,1,0,0,0,0.08718688228909459,9,Low,Routine Engagement
15639368,732,1,25,0,110942.9,1,0,0,172576.56,3,845,0,0,0,0,1,0,0,0.11975672349709807,12,Low,Routine Engagement
15693233,666,1,38,6,99812.88,2,1,1,158357.97,2,671,1,0,0,1,0,0,0,0.09582506018101138,10,Low,Routine Engagement
15629273,638,1,42,8,145177.84,1,1,0,193471.74,4,798,1,0,0,1,0,1,0,0.312980831942957,31,Medium,Monitor
15778089,544,1,37,2,0.0,2,0,0,135067.02,5,322,0,1,0,0,0,0,0,0.057731317390308075,6,Low,Routine Engagement
15801863,521,0,32,2,136555.01,2,1,1,129353.21,1,577,0,0,0,0,0,0,0,0.0847762579870769,8,Low,Routine Engagement
15669060,662,1,74,6,0.0,2,1,0,123583.85,1,512,0,0,0,0,1,0,0,0.36031481398606985,36,Medium,Monitor
15795571,606,1,36,0,94153.56,1,0,1,120138.27,3,937,0,1,0,0,0,0,0,0.07971547046446818,8,Low,Routine Engagement
15662151,554,1,40,4,0.0,1,0,1,168780.04,5,544,0,0,0,0,1,0,0,0.15824994027361503,16,Low,Routine Engagement
15810775,576,1,52,2,100549.43,2,1,1,16644.16,4,221,0,1,0,0,0,0,0,0.23048455588661848,23,Low,Routine Engagement
15611247,481,0,28,10,0.0,2,1,0,145215.96,4,318,0,0,0,1,0,0,0,0.08145010156929282,8,Low,Routine Engagement
15763274,661,1,48,3,120320.54,1,0,0,96463.25,5,727,0,0,0,1,0,0,0,0.4817223262713871,48,Medium,Monitor
15624391,595,0,30,5,100683.54,1,1,1,178361.04,3,376,0,1,0,0,1,0,0,0.12228678556161125,12,Low,Routine Engagement
15734578,726,0,53,1,113537.73,1,0,1,28367.21,4,276,0,0,1,0,0,0,0,0.35555565140304696,36,Medium,Monitor
15608845,804,0,38,3,124197.22,1,1,0,74692.06,2,271,0,1,0,1,0,0,0,0.16759844892598988,17,Low,Routine Engagement
15672016,819,1,35,1,0.0,2,0,1,3385.04,1,521,0,0,1,0,0,0,0,0.033483097921286356,3,Low,Routine Engagement
15624695,662,0,72,7,140301.72,1,0,1,179258.67,4,832,0,1,0,0,0,0,0,0.2031939580717499,20,Low,Routine Engagement
15593280,614,1,43,8,140733.74,1,1,1,166588.76,2,912,1,0,0,0,0,0,0,0.3731481076535743,37,Medium,Monitor
15619130,752,0,37,5,113291.05,2,1,1,132467.54,1,264,1,0,0,0,1,0,0,0.194482926992398,19,Low,Routine Engagement
15583736,829,1,36,4,81795.74,2,1,0,90106.94,2,746,1,0,0,0,0,0,0,0.11010118583333622,11,Low,Routine Engagement
15801658,580,1,55,6,104305.74,1,0,1,175750.21,5,432,0,0,1,0,0,0,0,0.2783720352308062,28,Low,Routine Engagement
15730137,628,1,31,0,88421.81,1,0,0,72350.47,2,800,0,0,0,0,1,0,0,0.11567230431454449,12,Low,Routine Engagement
15766066,668,0,28,1,124511.01,1,0,0,114258.18,1,529,1,0,0,0,0,0,0,0.2968630453119109,30,Low,Monitor
15759805,582,0,32,4,0.0,2,1,0,59668.81,4,727,0,0,0,0,1,0,0,0.05306527414857658,5,Low,Routine Engagement
15796480,687,0,31,2,0.0,2,0,1,145411.39,3,347,0,0,0,0,1,0,0,0.04104990914029112,4,Low,Routine Engagement
15715673,651,0,46,4,89743.05,1,1,0,156425.57,5,860,0,1,0,1,0,1,0,0.4898144668888667,49,Medium,Monitor
15678626,538,0,31,0,0.0,2,0,0,179453.66,5,798,0,1,0,0,1,0,0,0.08062679989893523,8,Low,Routine Engagement
15754577,556,0,51,8,61354.14,1,1,0,198810.65,4,647,0,0,1,0,0,1,1,0.6290751626950757,63,High,Personalized Offer
15572093,613,0,24,7,140453.91,1,1,0,129001.3,2,245,0,0,0,0,0,0,0,0.13883844437430073,14,Low,Routine Engagement
15775116,581,1,31,3,0.0,2,0,0,89040.61,3,557,0,0,0,1,0,0,0,0.03799163012949529,4,Low,Routine Engagement
15624424,678,0,49,1,0.0,2,1,1,102472.9,1,502,0,1,1,0,0,0,0,0.14009766291219333,14,Low,Routine Engagement
15595153,644,0,44,8,106022.73,2,0,0,148727.42,1,934,1,0,0,0,0,0,0,0.38680332219531666,39,Medium,Monitor
15722845,665,1,29,1,182781.74,2,1,1,63732.9,4,943,0,1,1,0,0,0,0,0.14349362811631075,14,Low,Routine Engagement
15778936,701,1,33,9,147510.34,1,1,0,190611.92,5,228,0,0,0,0,0,0,0,0.11778834742525035,12,Low,Routine Engagement
15567778,690,0,54,1,144027.8,1,1,1,108731.02,5,480,1,0,0,0,1,1,0,0.47506205710622007,48,Medium,Monitor
15570134,683,0,35,6,187530.66,2,1,1,37976.36,3,511,0,0,0,0,1,0,0,0.15406597016480103,15,Low,Routine Engagement
15637178,803,0,45,7,0.0,2,1,1,128378.04,1,589,0,1,0,1,0,0,0,0.11244814800194255,11,Low,Routine Engagement
15680895,627,0,35,7,0.0,1,1,0,187718.26,4,256,0,1,1,0,0,0,0,0.2260465408964982,23,Low,Routine Engagement
15627190,661,1,51,6,146606.6,1,1,1,68021.9,5,259,0,0,0,0,0,0,0,0.23295158614339959,23,Low,Routine Engagement
15795895,678,1,36,1,117864.85,2,1,0,27619.06,3,643,1,0,0,0,1,0,0,0.149422263660196,15,Low,Routine Engagement
15685309,669,0,35,7,0.0,1,1,1,49108.23,1,335,0,0,0,0,1,1,0,0.12935665650654196,13,Low,Routine Engagement
15690796,516,1,37,8,0.0,1,1,0,101834.58,3,703,0,0,0,1,0,0,0,0.16921738331069988,17,Low,Routine Engagement
15698732,789,1,51,3,104677.09,1,1,0,74265.38,1,759,1,0,0,0,0,0,1,0.7621136594198628,76,High,Personalized Offer
15574305,680,1,36,3,116275.12,1,1,1,63795.8,4,883,0,0,1,0,0,0,0,0.07316754232807704,7,Low,Routine Engagement
15806049,714,0,49,5,140510.89,1,1,0,141914.94,1,455,1,0,0,0,0,0,1,0.7331956227220165,73,High,Personalized Offer
15616666,646,0,52,6,111739.4,2,0,1,68367.18,1,234,1,0,0,0,0,0,0,0.44486204608904356,44,Medium,Monitor
15596088,705,0,50,4,77065.9,2,0,1,145159.26,4,726,0,0,0,1,0,0,0,0.24561135653086363,25,Low,Routine Engagement
15617518,675,1,36,7,89409.95,1,1,1,149399.7,4,844,1,0,1,0,0,0,0,0.11481286385367659,11,Low,Routine Engagement
15771580,850,0,38,0,106831.69,1,0,1,148977.72,1,658,0,0,0,0,1,0,0,0.13564647121415296,14,Low,Routine Engagement
15586914,659,1,36,6,123841.49,2,1,0,96833.0,5,875,0,0,0,1,0,0,0,0.08620741368736302,9,Low,Routine Engagement
15569503,765,1,44,6,0.0,2,1,1,159899.97,5,877,0,0,0,0,1,0,0,0.06401871809888333,6,Low,Routine Engagement
15775880,554,0,30,9,0.0,2,1,1,40320.3,5,510,0,0,0,1,0,0,0,0.03967725224728963,4,Low,Routine Engagement
15566295,761,0,33,6,138053.79,2,1,0,148779.41,1,985,0,0,0,1,0,0,0,0.1098426004077106,11,Low,Routine Engagement
15781574,636,1,76,9,126534.6,1,1,1,39789.62,4,847,0,1,0,0,0,0,0,0.12844383209329355,13,Low,Routine Engagement
15766906,742,0,25,4,132116.13,2,1,0,129933.5,1,233,0,0,0,0,0,0,0,0.10246406071543161,10,Low,Routine Engagement
15670496,655,0,27,9,0.0,2,0,0,108008.05,2,730,0,1,0,0,0,0,0,0.06099153554034417,6,Low,Routine Engagement
15633419,622,0,28,1,143124.63,2,1,0,81723.8,4,295,1,0,1,0,0,0,0,0.13040758210615686,13,Low,Routine Engagement
15773779,593,0,46,2,76597.79,1,1,1,54453.72,1,520,0,1,1,0,0,0,0,0.2815420021427315,28,Low,Routine Engagement
15717328,842,0,37,4,132446.08,2,1,0,87071.18,4,304,0,0,0,1,0,1,0,0.11652529776656095,12,Low,Routine Engagement
15638610,635,0,65,5,117325.54,1,1,0,155799.86,3,958,1,0,0,1,0,1,1,0.7816485228056449,78,High,Personalized Offer
15646764,617,0,58,3,119024.75,2,1,0,35199.24,2,452,1,0,0,1,0,1,1,0.5603316737986994,56,Medium,Monitor
15806570,763,0,53,4,0.0,1,1,0,77203.72,5,569,0,0,1,0,0,1,1,0.6929910712835542,69,High,Personalized Offer
15782231,521,1,38,6,0.0,2,1,0,51454.06,4,572,0,0,0,0,1,0,0,0.05425808305430749,5,Low,Routine Engagement
15734999,634,1,36,2,85996.19,1,1,0,15887.68,4,552,0,1,0,0,1,0,0,0.1341965877430709,13,Low,Routine Engagement
15599403,577,1,60,10,125389.7,2,1,1,178616.73,2,309,0,0,1,0,0,0,0,0.20812397932235632,21,Low,Routine Engagement
15740442,603,1,51,8,186825.57,1,1,0,93739.71,2,645,0,0,0,1,0,1,1,0.5774265286404666,58,Medium,Monitor
15710012,738,1,44,2,0.0,2,1,0,43018.82,5,546,0,1,0,1,0,1,0,0.11469496929361078,11,Low,Routine Engagement
15625675,569,1,36,1,67087.69,1,1,0,154775.7,5,308,0,0,0,1,0,0,0,0.147274997259969,15,Low,Routine Engagement
15589323,636,0,24,9,0.0,2,0,1,38830.72,1,493,0,0,1,0,0,0,0,0.04573627382565042,5,Low,Routine Engagement
15571973,776,0,38,2,169824.46,1,1,0,169291.7,5,844,0,0,0,0,1,0,0,0.19526796458481313,20,Low,Routine Engagement
15809826,728,0,46,2,109705.52,1,1,0,20276.87,5,469,0,0,0,1,0,1,0,0.4835026734572568,48,Medium,Monitor
15627801,512,1,33,3,176666.62,1,1,0,94670.77,1,726,0,1,0,1,0,0,0,0.1671588360486935,17,Low,Routine Engagement
15623062,660,1,24,5,85089.3,1,1,1,71638.0,3,809,1,0,0,1,0,0,0,0.08498992502631239,8,Low,Routine Engagement
15591698,849,0,49,9,132934.89,1,1,0,171056.65,4,285,1,0,1,0,0,1,1,0.7354630203869583,74,High,Personalized Offer
15768120,702,1,36,9,90560.48,2,1,0,174268.87,2,941,1,0,0,1,0,0,0,0.11415310071967291,11,Low,Routine Engagement
15787318,537,0,47,6,103163.35,1,1,0,16259.64,3,367,1,0,0,0,1,1,1,0.7057801158593865,71,High,Personalized Offer
15619238,567,1,29,8,0.0,2,1,0,156125.72,3,914,0,1,1,0,0,0,0,0.03939049666149577,4,Low,Routine Engagement
15703399,756,0,26,5,101641.14,2,0,1,154460.68,5,351,0,0,1,0,0,0,0,0.06719839493141619,7,Low,Routine Engagement
15677217,705,1,30,1,0.0,1,1,1,181300.32,5,554,0,0,0,0,1,0,0,0.11921727251198315,12,Low,Routine Engagement
15729836,646,1,32,1,0.0,2,1,0,183289.22,3,307,0,1,0,0,0,0,0,0.05434233671656297,5,Low,Routine Engagement
15611729,703,1,39,1,141559.5,1,1,1,31257.1,2,589,1,0,1,0,0,1,0,0.2309509496898456,23,Low,Routine Engagement
15675320,758,0,40,5,93499.82,2,0,0,123218.81,1,793,0,1,0,0,0,0,0,0.1430524204068012,14,Low,Routine Engagement
15649183,598,0,35,8,0.0,3,0,1,88658.73,4,235,0,1,0,0,0,0,1,0.5619720442642486,56,Medium,Monitor
15664083,666,0,37,2,158468.76,1,0,1,93266.01,3,630,1,0,0,0,0,0,0,0.17645005836115055,18,Low,Routine Engagement
15709523,525,0,30,0,157989.21,2,1,1,100687.67,3,236,1,0,0,0,0,0,0,0.11567576342624675,12,Low,Routine Engagement
15583033,640,0,20,4,0.0,2,0,1,78310.82,5,670,0,0,0,0,1,0,0,0.0391833169734409,4,Low,Routine Engagement
15604138,749,1,34,2,0.0,1,0,0,174189.04,1,653,0,1,0,1,0,1,0,0.17981060452086584,18,Low,Routine Engagement
15591150,570,1,34,10,0.0,2,0,1,183387.12,4,568,0,1,0,0,1,0,0,0.029536671357171734,3,Low,Routine Engagement
15801788,706,0,29,6,185544.36,1,1,0,171037.63,2,546,1,0,1,0,0,0,0,0.22589270136190343,23,Low,Routine Engagement
15810460,708,0,64,5,0.0,3,0,1,112520.07,2,465,0,1,0,1,0,1,1,0.6473082077220623,65,High,Personalized Offer
15627665,614,1,46,4,0.0,1,1,0,74379.57,5,445,0,0,0,0,0,1,0,0.47504096126277845,48,Medium,Monitor
15724127,790,0,26,4,141581.71,2,0,0,98309.27,3,320,0,0,0,0,0,0,0,0.09120159209291279,9,Low,Routine Engagement
15791040,801,1,58,1,79954.61,2,1,1,30484.19,1,760,0,1,1,0,0,0,0,0.17861340950694019,18,Low,Routine Engagement
15685243,736,0,63,10,0.0,2,0,1,502.7,4,663,0,0,0,0,1,0,0,0.13729852329433148,14,Low,Routine Engagement
15581229,502,0,32,1,173340.83,1,0,1,122763.95,1,434,1,0,0,1,0,0,0,0.19191432343399328,19,Low,Routine Engagement
15585287,842,0,35,9,119948.09,1,1,0,48217.97,4,732,1,0,0,1,0,1,0,0.31965663012449846,32,Medium,Monitor
15735400,756,1,28,8,179960.2,1,1,0,89938.08,4,372,0,0,1,0,0,0,0,0.19694157721412173,20,Low,Routine Engagement
15749583,686,0,38,2,93569.86,3,0,0,10137.34,4,844,1,0,0,1,0,1,1,0.7195798189711856,72,High,Personalized Offer
15590320,850,1,66,4,0.0,2,0,1,64350.8,5,518,0,0,0,0,1,0,0,0.08310259049852524,8,Low,Routine Engagement
15738634,533,1,47,9,83347.25,1,1,1,137696.25,5,418,0,0,0,1,0,0,0,0.24249725161366747,24,Low,Routine Engagement
15757541,778,0,33,9,151772.63,2,0,0,180249.94,5,708,0,0,0,0,0,1,0,0.09860246539559825,10,Low,Routine Engagement
15578866,676,0,43,2,0.0,1,1,1,55119.53,1,679,0,0,0,1,0,0,0,0.25261396244942147,25,Low,Routine Engagement
15584320,686,0,39,3,111695.62,1,0,0,136643.84,4,408,0,0,0,0,0,0,0,0.18720836240672326,19,Low,Routine Engagement
15730038,706,0,23,5,0.0,1,0,0,164128.41,2,620,0,0,1,0,0,1,0,0.17546102246542436,18,Low,Routine Engagement
15739858,618,1,56,7,0.0,1,1,1,142400.27,5,444,0,0,0,0,0,1,0,0.2902480014267523,29,Low,Routine Engagement
15637366,505,0,25,5,114268.85,2,1,1,126728.27,2,943,1,0,0,0,1,0,0,0.10789234800752032,11,Low,Routine Engagement
15679818,636,1,67,7,136709.35,1,0,1,66753.1,5,756,1,0,0,1,0,1,0,0.31946968114541996,32,Medium,Monitor
15789815,503,0,28,5,0.0,2,1,0,125918.17,2,868,0,0,0,1,0,0,0,0.055263316736553686,6,Low,Routine Engagement
15703117,565,0,44,1,0.0,2,0,1,89602.81,1,691,0,0,0,0,1,0,0,0.13455997227651578,13,Low,Routine Engagement
15766047,748,0,41,2,91621.69,1,1,1,71139.31,5,896,0,0,0,0,1,0,0,0.15753296951025514,16,Low,Routine Engagement
15711455,740,0,36,4,109044.6,1,0,0,94554.74,2,887,1,0,0,0,0,1,0,0.3041873926798129,30,Medium,Monitor
15600997,747,0,32,5,67495.04,2,0,1,77370.37,4,885,1,0,0,1,0,0,0,0.0604642108557127,6,Low,Routine Engagement
15795963,687,1,34,7,129895.19,1,0,1,28698.17,3,478,0,0,1,0,0,0,0,0.06854130316629822,7,Low,Routine Engagement
15711521,609,1,39,3,121778.71,1,1,1,138399.67,3,985,0,0,0,1,0,0,0,0.09632141513228434,10,Low,Routine Engagement
15696826,633,0,32,1,104001.38,1,0,1,36642.65,3,511,0,0,0,0,0,0,0,0.09626511074133688,10,Low,Routine Engagement
15605926,649,1,70,9,116854.71,2,0,1,107125.79,3,989,1,0,0,0,0,0,0,0.22593617506202585,23,Low,Routine Engagement
15645029,771,0,33,5,0.0,2,1,0,8673.43,5,288,0,1,0,0,1,0,0,0.07448239351583553,7,Low,Routine Engagement
15762110,628,1,37,0,0.0,2,1,1,171707.93,4,668,0,0,1,0,0,0,0,0.049304573135456005,5,Low,Routine Engagement
15725221,738,1,62,10,83008.31,1,1,1,42766.03,3,995,1,0,1,0,0,0,0,0.3455832553148172,35,Medium,Monitor
15587562,484,0,29,4,130114.39,1,1,0,164017.89,1,249,0,0,1,0,0,0,0,0.14091502162312097,14,Low,Routine Engagement
15775562,538,0,33,5,0.0,2,1,0,126962.41,3,290,0,0,0,0,0,0,0,0.06948956999626865,7,Low,Routine Engagement
15677317,570,0,29,4,153040.03,1,1,1,131363.57,3,762,0,0,0,0,1,1,0,0.103473139348971,10,Low,Routine Engagement
15583680,615,1,41,4,0.0,1,0,1,149278.96,2,404,0,1,0,1,0,0,0,0.14650569043230952,15,Low,Routine Engagement
15769412,684,1,39,4,207034.96,2,0,0,157694.76,4,800,0,1,0,0,0,1,0,0.20352592555217094,20,Low,Routine Engagement
15756535,733,1,39,5,91538.51,1,1,1,93783.0,3,336,1,0,0,1,0,0,0,0.1862366221309687,19,Low,Routine Engagement
15665861,733,1,44,3,106070.89,1,0,1,101617.43,4,705,0,1,0,1,0,0,0,0.18928866247543621,19,Low,Routine Engagement
15617432,816,0,40,9,109003.26,1,1,1,79580.56,1,592,1,0,0,0,0,0,0,0.3443031841101691,34,Medium,Monitor
15678572,529,1,38,7,99842.5,2,1,0,90256.06,4,220,0,1,0,0,0,1,0,0.10723504411763826,11,Low,Routine Engagement
15665177,613,1,44,3,0.0,2,0,1,136491.72,5,462,0,0,1,0,0,0,0,0.09617533088280648,10,Low,Routine Engagement
15702566,554,1,26,8,149134.46,1,1,1,177966.24,1,631,0,1,0,0,1,0,0,0.08019030187097118,8,Low,Routine Engagement
15777904,703,0,45,7,0.0,2,1,1,68831.72,1,662,0,0,0,1,0,0,0,0.11408941250406453,11,Low,Routine Engagement
15649129,757,1,32,9,0.0,2,1,0,115950.96,5,335,0,0,0,0,0,0,0,0.04403618537865514,4,Low,Routine Engagement
15810167,657,1,75,7,126273.95,1,0,1,91673.6,1,554,0,1,1,0,0,0,0,0.12781712115551483,13,Low,Routine Engagement
15688395,582,1,29,4,0.0,2,0,0,156153.27,5,548,0,0,0,0,0,0,0,0.03729305845926453,4,Low,Routine Engagement
15780654,619,0,33,3,100488.92,2,0,1,36446.74,4,522,1,0,0,1,0,0,0,0.0877994562941008,9,Low,Routine Engagement
15724099,674,1,26,6,166257.96,1,1,1,149369.41,1,870,0,0,0,1,0,0,0,0.07101983488317402,7,Low,Routine Engagement
15761763,845,1,33,8,164385.53,1,1,0,150664.97,5,588,0,0,1,0,0,0,0,0.11718690289370501,12,Low,Routine Engagement
15607301,651,0,63,8,129968.67,1,1,1,11830.53,3,746,0,1,0,1,0,0,0,0.22216320733324926,22,Low,Routine Engagement
15788539,501,0,34,3,107747.57,1,1,0,9249.36,5,396,0,0,1,0,0,0,0,0.13424388824224118,13,Low,Routine Engagement
15790204,663,0,22,9,0.0,1,1,0,29135.89,5,590,0,1,0,0,0,1,0,0.16708677086282195,17,Low,Routine Engagement
15743532,704,1,27,5,147004.34,1,1,0,64381.33,4,828,1,0,0,0,1,1,0,0.22056588606141614,22,Low,Routine Engagement
15586870,632,1,27,4,193125.85,1,1,1,152665.85,4,262,0,0,1,0,0,0,0,0.13768001000610558,14,Low,Routine Engagement
15759290,620,1,29,9,0.0,2,1,0,13133.88,4,367,0,1,0,1,0,0,0,0.04433199944729016,4,Low,Routine Engagement
15679983,565,1,34,7,0.0,1,0,0,74593.84,5,564,0,0,0,0,1,0,0,0.1487607503624972,15,Low,Routine Engagement
15663808,666,0,59,8,152614.51,2,1,1,188782.3,1,656,1,0,0,0,0,0,0,0.2898919301464917,29,Low,Routine Engagement
15659305,605,1,19,8,166133.28,1,1,1,107994.99,5,870,1,0,0,0,0,0,0,0.11829107352295473,12,Low,Routine Engagement
15621653,716,0,29,10,87946.39,1,1,1,182531.74,1,660,0,0,1,0,0,0,0,0.115984900027686,12,Low,Routine Engagement
15621267,637,1,32,5,0.0,1,0,0,148769.08,2,491,0,0,1,0,0,0,0,0.16049588720894803,16,Low,Routine Engagement
15754649,705,0,57,3,0.0,2,1,1,34134.14,4,778,0,1,0,1,0,0,0,0.13254914551597258,13,Low,Routine Engagement
15656062,637,0,33,7,103377.81,1,1,0,84419.78,1,449,0,0,0,0,1,0,0,0.14252284243710256,14,Low,Routine Engagement
15624519,656,0,49,9,97092.87,1,1,0,74771.22,4,891,1,0,1,0,0,1,1,0.7037473766366347,70,High,Personalized Offer
15615330,651,1,23,10,0.0,2,1,1,170099.23,5,431,0,0,0,0,1,0,0,0.03244140802346812,3,Low,Routine Engagement
15611800,624,0,62,7,125163.62,2,1,1,151411.5,5,513,0,0,1,0,0,0,0,0.2679124671970612,27,Low,Routine Engagement
15762172,850,0,39,2,0.0,2,1,0,179451.42,2,732,0,0,1,0,0,0,0,0.08574672134459227,9,Low,Routine Engagement
15611318,599,1,33,4,51690.89,1,1,0,111622.76,4,811,0,1,0,0,0,1,0,0.15228543302471068,15,Low,Routine Engagement
15687738,535,0,38,8,0.0,2,1,0,136620.64,1,272,0,0,0,0,0,0,0,0.08921919724561117,9,Low,Routine Engagement
15681206,722,0,49,3,168197.66,1,1,0,140765.57,1,383,0,0,0,0,1,1,1,0.5597091882439079,56,Medium,Monitor
15628059,529,1,61,1,0.0,2,1,1,191370.97,5,589,0,0,0,0,1,0,0,0.180010078954116,18,Low,Routine Engagement
15692977,612,0,36,2,130700.92,2,0,0,77592.8,5,351,1,0,0,0,0,0,0,0.14242553461913998,14,Low,Routine Engagement
15654379,588,1,59,4,0.0,2,1,1,27435.41,3,330,0,1,0,0,1,0,0,0.1309590833882039,13,Low,Routine Engagement
15711750,711,0,34,6,0.0,2,1,1,175310.38,2,408,0,0,0,0,0,0,0,0.048370798208125745,5,Low,Routine Engagement
15654673,625,1,49,6,173434.9,1,1,0,165580.93,3,835,0,0,0,0,1,1,1,0.5019319771498657,50,Medium,Monitor
15583668,726,0,42,2,109471.79,1,0,1,175161.05,5,899,0,0,1,0,0,0,0,0.18352754695855322,18,Low,Routine Engagement
15791767,769,0,26,7,0.0,2,1,0,176843.53,1,667,0,0,1,0,0,0,0,0.05761178441416931,6,Low,Routine Engagement
15701946,715,1,34,4,124314.45,1,0,0,97782.92,2,874,0,0,0,0,1,0,0,0.11927794024407162,12,Low,Routine Engagement
15633274,679,1,34,7,160515.37,1,1,0,121904.14,2,932,0,0,0,0,0,0,0,0.12634133579187007,13,Low,Routine Engagement
15767891,619,0,28,6,99152.73,2,1,0,48475.12,2,321,1,0,1,0,0,0,0,0.11686146377783103,12,Low,Routine Engagement
15774872,663,1,36,10,0.0,2,1,0,136349.55,5,839,0,0,0,1,0,0,0,0.04933540344714224,5,Low,Routine Engagement
15766734,430,1,31,5,0.0,1,1,0,95655.16,1,533,0,0,1,0,0,0,0,0.18450033756855636,18,Low,Routine Engagement
15764335,463,0,41,8,123151.51,2,1,0,70127.93,5,523,1,0,0,0,1,0,0,0.19354808069046925,19,Low,Routine Engagement
15714080,566,0,40,2,97001.36,2,1,0,154486.01,1,719,1,0,0,0,0,0,0,0.19796238189908094,20,Low,Routine Engagement
15648272,658,1,35,9,71829.34,1,1,1,68141.92,1,285,0,1,0,0,1,0,0,0.08177497104812684,8,Low,Routine Engagement
15742204,579,1,31,6,139729.54,1,0,1,135815.38,4,664,1,0,0,0,1,0,0,0.15176218305067812,15,Low,Routine Engagement
15733247,850,1,33,10,0.0,1,1,0,4861.72,1,359,0,0,0,0,1,1,0,0.1761254967828833,18,Low,Routine Engagement
15757568,704,0,45,6,0.0,1,1,1,137739.45,5,701,0,0,1,0,0,0,0,0.32566749951396234,33,Medium,Monitor
15700460,530,0,55,4,120905.03,1,0,1,123475.88,5,746,0,0,0,0,0,1,0,0.35390980125728744,35,Medium,Monitor
15587210,591,0,44,10,113581.98,1,1,0,1985.41,5,645,1,0,1,0,0,0,1,0.6324105739972121,63,High,Personalized Offer
15705994,712,1,27,10,0.0,1,1,0,94544.88,3,410,0,1,1,0,0,0,0,0.15339750549295966,15,Low,Routine Engagement
15702095,585,0,56,1,128472.8,1,1,0,186476.91,2,815,0,1,1,0,0,1,1,0.6468324108185882,65,High,Personalized Offer
15730339,670,1,30,3,133446.34,1,0,0,3154.95,5,317,0,1,1,0,0,0,0,0.12242218362270377,12,Low,Routine Engagement
15716041,622,1,39,9,0.0,2,0,1,100862.36,2,814,0,1,0,1,0,0,0,0.03725435372852953,4,Low,Routine Engagement
15659656,849,1,35,4,110837.73,1,0,0,126419.8,3,599,0,0,0,1,0,0,0,0.13249787736817079,13,Low,Routine Engagement
15655590,581,1,46,2,79385.21,2,0,0,188492.82,1,639,0,1,1,0,0,0,0,0.28799339990044426,29,Low,Routine Engagement
15716236,499,1,35,10,0.0,2,1,0,10722.54,1,234,0,0,1,0,0,0,0,0.0577188034224085,6,Low,Routine Engagement
15747649,558,0,36,0,126606.63,2,1,1,172363.52,4,769,1,0,0,0,1,0,0,0.14351639602078392,14,Low,Routine Engagement
15756975,777,0,35,3,0.0,2,1,1,17257.72,2,616,0,1,1,0,0,0,0,0.058091085035177785,6,Low,Routine Engagement
15698522,660,1,39,9,134599.33,2,1,0,183095.87,4,575,1,0,0,1,0,0,0,0.16350002798500884,16,Low,Routine Engagement
15683841,555,1,41,10,113270.2,2,1,1,185387.14,1,398,1,0,0,0,1,0,0,0.16333174633170747,16,Low,Routine Engagement
15778049,633,1,29,6,117412.35,1,0,0,30338.94,4,341,1,0,0,0,1,0,0,0.2658583417247695,27,Low,Routine Engagement
15742009,489,1,58,4,0.0,2,1,1,191419.32,4,486,0,1,0,0,1,0,0,0.17875646058073136,18,Low,Routine Engagement
15657228,545,1,37,9,95829.13,2,0,1,104936.88,5,406,1,0,1,0,0,0,0,0.09790751940468669,10,Low,Routine Engagement
15692744,512,1,36,4,152169.12,2,0,0,38629.3,5,555,0,0,0,0,0,1,0,0.08762927219555035,9,Low,Routine Engagement
15677796,766,1,47,9,129289.98,1,1,0,169935.46,4,286,1,0,0,1,0,1,1,0.722474594047033,72,High,Personalized Offer
15615016,515,1,33,2,0.0,2,1,1,136028.97,4,625,0,0,0,1,0,0,0,0.02667494015295916,3,Low,Routine Engagement
15736371,633,0,34,3,123034.43,2,1,1,38315.04,4,570,0,0,1,0,0,0,0,0.07160160925513137,7,Low,Routine Engagement
15773731,758,0,35,5,0.0,2,0,0,100365.51,1,833,0,1,0,0,0,0,0,0.06698711060890747,7,Low,Routine Engagement
15685500,772,1,26,7,152400.51,2,1,0,79414.0,1,695,1,0,0,1,0,0,0,0.11630426634180197,12,Low,Routine Engagement
15747323,535,1,48,9,109472.47,1,1,0,157358.43,2,415,0,1,1,0,0,1,0,0.4566480778688044,46,Medium,Monitor
15798341,544,1,38,8,0.0,1,1,1,98208.62,3,661,0,0,1,0,0,0,0,0.11821489449031457,12,Low,Routine Engagement
15760641,608,1,26,1,106648.98,1,0,1,7063.6,5,672,1,0,0,1,0,0,0,0.17135664530818073,17,Low,Routine Engagement
15682489,605,1,27,9,0.0,2,1,0,198091.81,3,580,0,0,0,1,0,0,0,0.060993743071872684,6,Low,Routine Engagement
15672983,678,0,27,5,87099.85,2,1,0,149550.95,2,957,0,1,0,0,1,0,0,0.10051500592254844,10,Low,Routine Engagement
15709183,707,0,58,3,102346.86,1,1,1,114672.64,5,887,0,0,0,1,0,0,0,0.28486394937919784,28,Low,Routine Engagement
15677387,749,0,33,10,76692.22,1,0,1,30396.43,3,567,1,0,0,0,1,0,0,0.12634871546229895,13,Low,Routine Engagement
15782591,690,1,35,6,112689.95,1,1,0,176962.31,3,828,0,0,0,0,1,0,0,0.1274464465261883,13,Low,Routine Engagement
15757607,623,1,45,0,0.0,1,1,0,196533.72,2,679,0,0,0,0,1,1,0,0.46897547487713126,47,Medium,Monitor
15693764,663,1,52,0,136298.65,1,1,0,144593.3,2,548,0,1,0,0,1,1,1,0.6105281964857617,61,High,Personalized Offer
15682211,467,1,57,1,0.0,2,1,1,114448.77,1,843,0,0,1,0,0,0,0,0.16611931152464163,17,Low,Routine Engagement
15710316,454,0,48,5,144837.79,1,1,1,93151.77,2,325,0,1,0,0,0,0,0,0.3141764558819094,31,Medium,Monitor
15730447,629,0,49,4,0.0,2,1,1,196335.48,5,921,0,0,0,1,0,0,0,0.1759568015980095,18,Low,Routine Engagement
15635256,762,1,31,7,117687.35,1,1,1,159344.43,2,867,0,0,0,1,0,0,0,0.06501047408073193,7,Low,Routine Engagement
15640266,621,1,41,5,104631.67,1,1,1,95551.22,1,680,0,1,0,1,0,0,0,0.09590534422458122,10,Low,Routine Engagement
15603170,654,1,32,9,121455.65,1,1,0,190068.53,2,295,0,0,1,0,0,1,0,0.12129116565203761,12,Low,Routine Engagement
15813113,795,0,56,5,0.0,1,1,0,35418.69,5,675,0,1,0,1,0,1,1,0.7125739816069712,71,High,Personalized Offer
15567991,794,1,31,0,144880.34,2,0,1,175643.44,3,542,0,1,0,1,0,0,0,0.06086682086379387,6,Low,Routine Engagement
15776844,762,0,19,6,0.0,2,1,0,55500.17,1,931,0,1,0,0,0,0,0,0.05091685829138165,5,Low,Routine Engagement
15801293,850,1,27,1,101278.25,2,1,1,26265.18,4,859,1,0,0,0,1,0,0,0.09027093976456271,9,Low,Routine Engagement
15755196,834,0,49,2,131394.56,1,0,0,194365.76,2,567,0,0,1,0,0,1,1,0.5400468731122344,54,Medium,Monitor
15791326,566,1,34,3,0.0,1,0,0,188135.69,4,999,0,0,1,0,0,0,0,0.14898928547776477,15,Low,Routine Engagement
15647306,777,0,29,9,131240.61,1,1,1,163746.09,2,567,0,0,1,0,0,1,0,0.10550657597898114,11,Low,Routine Engagement
15612087,671,1,45,2,106376.85,1,0,1,158264.62,3,244,0,0,0,0,0,0,0,0.2507402892316034,25,Low,Routine Engagement
15689152,683,1,38,3,126152.84,1,0,0,15378.75,4,611,0,1,0,1,0,0,0,0.13108281718911197,13,Low,Routine Engagement
15571121,670,0,50,8,138340.06,1,0,1,3159.15,1,603,0,0,0,0,1,0,0,0.34734436189219314,35,Medium,Monitor
15656683,551,1,52,1,0.0,1,0,0,63584.55,1,605,0,0,0,1,0,1,1,0.6626063215131773,66,High,Personalized Offer
15632665,832,1,61,2,0.0,1,0,1,127804.66,2,748,0,0,0,0,0,1,0,0.29234598553019936,29,Low,Routine Engagement
15802869,737,0,45,2,99169.67,2,1,1,78650.95,5,875,1,0,1,0,0,0,0,0.31987511036864796,32,Medium,Monitor
15733387,707,0,53,6,109663.47,1,1,1,52110.45,1,416,0,1,0,0,1,0,0,0.27967225286835745,28,Low,Routine Engagement
15723481,728,1,42,8,0.0,2,0,1,41823.22,5,785,0,1,0,0,0,0,0,0.04674969440467953,5,Low,Routine Engagement
15788659,695,1,46,4,0.0,2,1,1,137537.22,2,499,0,0,0,1,0,0,0,0.09235469577086546,9,Low,Routine Engagement
15763704,692,0,43,2,69014.49,2,0,0,164621.43,3,708,1,0,0,0,0,0,0,0.2449732084858109,24,Low,Routine Engagement
15579892,708,1,19,7,112615.86,1,1,1,4491.77,5,881,0,1,0,1,0,0,0,0.06694672906735173,7,Low,Routine Engagement
15723299,774,1,53,4,113709.28,1,1,1,153887.93,3,616,0,0,0,1,0,1,0,0.2496392197477418,25,Low,Routine Engagement
15646513,803,1,42,5,0.0,1,1,0,196466.83,1,534,0,0,1,0,0,1,0,0.2752573408635122,28,Low,Routine Engagement
15596379,743,1,39,3,119695.75,1,0,1,26136.13,4,837,1,0,1,0,0,0,0,0.23372153622339284,23,Low,Routine Engagement
15788930,761,1,37,7,132730.17,1,1,0,199293.01,2,649,0,1,0,1,0,0,0,0.13898012770185963,14,Low,Routine Engagement
15666856,774,1,49,1,142767.39,1,1,1,8214.41,1,572,0,0,0,0,1,0,0,0.2924821756538487,29,Low,Routine Engagement
15734628,623,0,35,5,0.0,2,1,0,101192.08,2,311,0,0,0,0,0,0,0,0.07170893960785393,7,Low,Routine Engagement
15646942,786,0,39,7,0.0,2,0,0,100929.59,3,958,0,1,0,0,1,0,0,0.07950783132787347,8,Low,Routine Engagement
15784526,616,1,44,5,102016.38,1,0,1,178235.37,4,830,0,0,1,0,0,1,0,0.22856578607648698,23,Low,Routine Engagement
15704657,601,1,39,3,72647.64,1,1,0,41777.9,4,809,0,0,1,0,0,1,0,0.1455024417151226,15,Low,Routine Engagement
15722611,752,0,53,8,114233.18,1,1,1,51587.04,4,347,0,0,0,1,0,0,0,0.32874857694794213,33,Medium,Monitor
15732265,630,1,33,9,0.0,2,1,0,64804.59,4,864,0,0,0,1,0,0,0,0.037717042783152264,4,Low,Routine Engagement
15704081,595,1,30,9,130682.11,2,1,1,57862.88,2,632,1,0,0,0,0,0,0,0.06728460077541748,7,Low,Routine Engagement
15667216,579,0,29,10,73194.52,2,1,1,129209.09,1,853,0,0,0,1,0,0,0,0.06408717914324658,6,Low,Routine Engagement
15800366,546,1,29,5,0.0,1,1,1,94823.95,4,986,0,0,1,0,0,0,0,0.10343804801258384,10,Low,Routine Engagement
15709135,691,1,30,7,101231.77,2,0,0,156529.44,2,368,1,0,1,0,0,0,0,0.11218699533097715,11,Low,Routine Engagement
15662098,650,1,41,3,128808.65,3,0,0,113677.53,2,676,0,1,0,0,0,1,1,0.7444603249094824,74,High,Personalized Offer
15723872,589,0,46,10,0.0,2,0,1,168369.37,3,821,0,1,0,0,0,0,0,0.1846884691618903,18,Low,Routine Engagement
15617934,579,1,36,9,129829.59,1,1,1,60906.12,5,725,0,0,1,0,0,0,0,0.07469966088401522,7,Low,Routine Engagement
15569451,463,1,35,2,101257.16,1,1,1,118113.64,4,900,0,0,0,1,0,0,0,0.06868291275477642,7,Low,Routine Engagement
15702293,588,0,35,7,0.0,2,1,1,108739.15,1,221,0,1,0,0,1,0,0,0.07184214234402077,7,Low,Routine Engagement
15680405,685,1,40,2,168001.34,2,1,1,167400.29,2,272,0,0,1,0,0,0,0,0.09773608686996686,10,Low,Routine Engagement
15629739,621,0,31,8,100375.39,1,1,1,90384.26,5,467,1,0,0,0,0,0,0,0.1786754677980256,18,Low,Routine Engagement
15651983,591,0,56,9,128882.49,1,1,1,196241.94,2,658,0,0,0,0,0,1,0,0.36691589718308676,37,Medium,Monitor
15633574,730,0,41,4,167545.32,1,1,0,128246.81,3,474,0,0,0,0,0,0,0,0.22953335345231526,23,Low,Routine Engagement
15602909,604,0,41,10,0.0,2,1,1,166224.39,2,876,0,1,0,0,0,0,0,0.10739784036727133,11,Low,Routine Engagement
15576077,610,0,27,9,159561.93,1,0,1,103381.47,3,513,0,0,0,0,0,0,0,0.10174805102361012,10,Low,Routine Engagement
15672374,672,1,52,8,170008.84,1,0,0,56407.42,4,555,0,0,0,0,1,1,1,0.6363673959055702,64,High,Personalized Offer
15801832,684,1,42,1,117691.0,1,1,1,23135.65,5,653,1,0,0,0,0,1,0,0.27916221033818206,28,Low,Routine Engagement
15717290,688,1,41,2,112871.19,2,0,1,65520.74,2,335,1,0,0,1,0,0,0,0.12759169211429783,13,Low,Routine Engagement
15776096,606,1,34,3,161572.24,1,0,1,191076.22,3,893,0,1,0,1,0,0,0,0.09513718840347658,10,Low,Routine Engagement
15782608,743,1,43,5,0.0,2,0,0,113079.19,5,402,0,0,0,0,1,1,0,0.10845963508756369,11,Low,Routine Engagement
15615032,624,1,46,3,0.0,2,1,1,62825.03,2,591,0,1,0,0,1,0,0,0.08420791778437056,8,Low,Routine Engagement
15707242,504,1,40,5,0.0,2,0,0,146703.36,2,538,0,1,0,0,1,0,0,0.06989462588314722,7,Low,Routine Engagement
15742607,850,1,36,7,102800.72,1,1,1,87352.43,1,471,1,0,0,0,0,0,0,0.1943553938461192,19,Low,Routine Engagement
15571193,579,1,42,0,144386.32,1,1,1,22497.1,2,799,1,0,0,0,1,1,0,0.3118011731361759,31,Medium,Monitor
15702462,619,0,44,6,52831.13,1,1,1,112649.22,3,245,0,1,0,0,1,1,0,0.27263195726163064,27,Low,Routine Engagement
15656592,646,1,48,8,169023.33,2,1,1,175657.55,4,593,1,0,0,1,0,0,0,0.23498671421416004,23,Low,Routine Engagement
15693526,618,0,40,0,0.0,1,1,0,119059.13,5,837,0,0,1,0,0,0,0,0.2599510224050776,26,Low,Routine Engagement
15766064,559,1,33,9,111060.05,2,1,0,110371.84,1,242,0,0,0,1,0,0,0,0.08392172239967084,8,Low,Routine Engagement
15720110,795,1,32,2,117265.21,1,1,1,198317.23,2,333,0,0,0,1,0,0,0,0.08201894207126825,8,Low,Routine Engagement
15628170,565,0,32,9,68067.24,1,1,0,143287.58,3,504,1,0,0,0,1,0,0,0.1681998014568328,17,Low,Routine Engagement
15771383,628,0,45,6,53667.44,1,1,0,115022.94,5,588,1,0,0,1,0,0,1,0.5616607281295791,56,Medium,Monitor
15566563,777,0,30,4,137851.31,1,1,0,5008.23,5,349,0,0,0,0,0,1,0,0.13310857740877677,13,Low,Routine Engagement
15578375,628,1,39,6,0.0,2,0,0,134441.6,3,887,0,0,0,1,0,0,0,0.05085282020502063,5,Low,Routine Engagement
